year,region_id,Region_name,ons_code,road_category_id,road_category_name,total_link_length_km,total_link_length_miles,all_motor_vehicles
1993,1,South West,E12000009,1,TM,301.339,187.24,3465840186
1993,1,South West,E12000009,3,TA,993.586,617.39,3484710210
1993,1,South West,E12000009,4,PA,3874.924,2407.77,7794003682
1993,1,South West,E12000009,5,M,43581.7,27080.41,9112005432
1993,2,East Midlands,E12000004,1,TM,178.609,110.98,2736661520
1993,2,East Midlands,E12000004,3,TA,1219.231,757.6,4936702686
1993,2,East Midlands,E12000004,4,PA,2571.21,1597.68,5535722338
1993,2,East Midlands,E12000004,5,M,26712.7,16598.5,7083362916
1993,3,Scotland,S92000003,1,TM,335.263,208.32,2485468450
1993,3,Scotland,S92000003,3,TA,2820.302,1752.45,5052925570
1993,3,Scotland,S92000003,4,PA,7405.483,4601.55,6514431997
1993,3,Scotland,S92000003,5,M,47971.6,29808.17,7656438848
1993,4,Wales,W92000004,1,TM,130.291,80.96,1306589845
1993,4,Wales,W92000004,3,TA,1509.635,938.04,3123943528
1993,4,Wales,W92000004,4,PA,2581.176,1603.87,4010930618
1993,4,Wales,W92000004,5,M,28322.4,17598.72,5286183479
1993,5,North West,E12000002,1,TM,553.439,343.89,7184955992
1993,5,North West,E12000002,2,PM,38.642,24.01,300388604.3
1993,5,North West,E12000002,3,TA,826.384,513.49,2689127970
1993,5,North West,E12000002,4,PA,3128.239,1943.8,8498019318
1993,5,North West,E12000002,5,M,31405.9,19514.72,10232738407
1993,6,London,E12000007,1,TM,65.744,40.85,1245269582
1993,6,London,E12000007,3,TA,339.479,210.94,3913260559
1993,6,London,E12000007,4,PA,1371.723,852.35,7035517996
1993,6,London,E12000007,5,M,12573.5,7812.81,6889501849
1993,7,East of England,E12000006,1,TM,243.524,151.32,3922951690
1993,7,East of England,E12000006,3,TA,1134.757,705.11,5738079521
1993,7,East of England,E12000006,4,PA,2719.344,1689.72,7493977513
1993,7,East of England,E12000006,5,M,34610.8,21506.15,11083436184
1993,8,Yorkshire and the Humber,E12000003,1,TM,333.613,207.3,3852882985
1993,8,Yorkshire and the Humber,E12000003,2,PM,5.612,3.49,78807722.28
1993,8,Yorkshire and the Humber,E12000003,3,TA,703.57,437.18,2966722872
1993,8,Yorkshire and the Humber,E12000003,4,PA,2559.104,1590.15,6365559059
1993,8,Yorkshire and the Humber,E12000003,5,M,27494.7,17084.41,7847735329
1993,9,South East,E12000008,1,TM,594.195,369.22,9617939329
1993,9,South East,E12000008,2,PM,16.997,10.56,216736836.3
1993,9,South East,E12000008,3,TA,855.597,531.64,5543628780
1993,9,South East,E12000008,4,PA,4269.653,2653.04,12858678243
1993,9,South East,E12000008,5,M,40851.1,25383.7,15597621429
1993,10,West Midlands,E12000005,1,TM,351.963,218.7,5280343918
1993,10,West Midlands,E12000005,2,PM,6.895,4.28,146412262.4
1993,10,West Midlands,E12000005,3,TA,839.786,521.82,3257861212
1993,10,West Midlands,E12000005,4,PA,2658.788,1652.09,6579986312
1993,10,West Midlands,E12000005,5,M,27956.1,17371.12,9927697665
1993,11,North East,E12000001,1,TM,51.268,31.86,473496604.8
1993,11,North East,E12000001,2,PM,3.848,2.39,54502928.52
1993,11,North East,E12000001,3,TA,437.347,271.75,1961549915
1993,11,North East,E12000001,4,PA,1301.91,808.97,3108413973
1993,11,North East,E12000001,5,M,14025.9,8715.29,4664291984
1994,1,South West,E12000009,1,TM,304.28,189.07,3609698716
1994,1,South West,E12000009,3,TA,991.224,615.92,3592467081
1994,1,South West,E12000009,4,PA,3882.154,2412.26,8028746829
1994,1,South West,E12000009,5,M,43659.6,27128.82,9272591264
1994,2,East Midlands,E12000004,1,TM,180.352,112.07,2842352469
1994,2,East Midlands,E12000004,3,TA,1215.788,755.46,5056721458
1994,2,East Midlands,E12000004,4,PA,2575.861,1600.57,5668817340
1994,2,East Midlands,E12000004,5,M,26764.2,16630.5,7198719603
1994,3,Scotland,S92000003,1,TM,338.535,210.36,2577081643
1994,3,Scotland,S92000003,3,TA,2813.698,1748.35,5192586960
1994,3,Scotland,S92000003,4,PA,7419.724,4610.4,6678730350
1994,3,Scotland,S92000003,5,M,48054.2,29859.5,7774887696
1994,4,Wales,W92000004,1,TM,131.563,81.75,1350418388
1994,4,Wales,W92000004,3,TA,1506.139,935.87,3217899485
1994,4,Wales,W92000004,4,PA,2585.937,1606.83,4111196479
1994,4,Wales,W92000004,5,M,28370.8,17628.8,5374885013
1994,5,North West,E12000002,1,TM,558.839,347.25,7370068617
1994,5,North West,E12000002,2,PM,38.642,24.01,305549558.7
1994,5,North West,E12000002,3,TA,823.653,511.79,2750751747
1994,5,North West,E12000002,4,PA,3133.096,1946.82,8658580954
1994,5,North West,E12000002,5,M,31478.1,19559.58,10352642338
1994,6,London,E12000007,1,TM,66.386,41.25,1311689053
1994,6,London,E12000007,3,TA,335.84,208.68,3942920884
1994,6,London,E12000007,4,PA,1373.23,853.29,7155061465
1994,6,London,E12000007,5,M,12609,7834.87,6938861113
1994,7,East of England,E12000006,1,TM,245.9,152.8,4120104199
1994,7,East of England,E12000006,3,TA,1131.749,703.24,5888883553
1994,7,East of England,E12000006,4,PA,2724.138,1692.7,7672792218
1994,7,East of England,E12000006,5,M,34675.8,21546.54,11278271423
1994,8,Yorkshire and the Humber,E12000003,1,TM,336.866,209.32,3964069273
1994,8,Yorkshire and the Humber,E12000003,2,PM,5.612,3.49,80178179.43
1994,8,Yorkshire and the Humber,E12000003,3,TA,701.289,435.76,3051630773
1994,8,Yorkshire and the Humber,E12000003,4,PA,2563.355,1592.79,6517949300
1994,8,Yorkshire and the Humber,E12000003,5,M,27552.3,17120.21,7962436534
1994,9,South East,E12000008,1,TM,599.993,372.82,10029918946
1994,9,South East,E12000008,2,PM,16.997,10.56,224597672.7
1994,9,South East,E12000008,3,TA,853.105,530.09,5662577333
1994,9,South East,E12000008,4,PA,4277.026,2657.62,13124687875
1994,9,South East,E12000008,5,M,40935.6,25436.2,15843180204
1994,10,West Midlands,E12000005,1,TM,355.396,220.83,5473506137
1994,10,West Midlands,E12000005,2,PM,6.895,4.28,149331321.3
1994,10,West Midlands,E12000005,3,TA,837.019,520.1,3332546861
1994,10,West Midlands,E12000005,4,PA,2663.245,1654.86,6715565678
1994,10,West Midlands,E12000005,5,M,28012.5,17406.16,10058396554
1994,11,North East,E12000001,1,TM,51.768,32.17,496098161.1
1994,11,North East,E12000001,2,PM,3.848,2.39,55495358.36
1994,11,North East,E12000001,3,TA,435.997,270.92,2008478565
1994,11,North East,E12000001,4,PA,1304.129,810.35,3171164156
1994,11,North East,E12000001,5,M,14055.7,8733.81,4716948693
1995,1,South West,E12000009,1,TM,306.893,190.69,3778917881
1995,1,South West,E12000009,3,TA,991.738,616.24,3688075835
1995,1,South West,E12000009,4,PA,3902.336,2424.8,8265255229
1995,1,South West,E12000009,5,M,43736.9,27176.85,9298223144
1995,2,East Midlands,E12000004,1,TM,181.901,113.03,2982219303
1995,2,East Midlands,E12000004,3,TA,1215.683,755.39,5177114242
1995,2,East Midlands,E12000004,4,PA,2588.476,1608.4,5818610912
1995,2,East Midlands,E12000004,5,M,26815.3,16662.25,7221002733
1995,3,Scotland,S92000003,1,TM,341.441,212.16,2682979861
1995,3,Scotland,S92000003,3,TA,2815.283,1749.34,5322710988
1995,3,Scotland,S92000003,4,PA,7460.656,4635.84,6868526007
1995,3,Scotland,S92000003,5,M,48136.3,29910.51,7803135399
1995,4,Wales,W92000004,1,TM,132.693,82.45,1406544289
1995,4,Wales,W92000004,3,TA,1507.036,936.43,3301651825
1995,4,Wales,W92000004,4,PA,2599.14,1615.03,4227974959
1995,4,Wales,W92000004,5,M,28420.3,17659.56,5392455004
1995,5,North West,E12000002,1,TM,563.638,350.23,7662172073
1995,5,North West,E12000002,2,PM,38.642,24.01,315108080.7
1995,5,North West,E12000002,3,TA,823.045,511.42,2808206682
1995,5,North West,E12000002,4,PA,3144.137,1953.68,8894468308
1995,5,North West,E12000002,5,M,31549.7,19604.07,10386621541
1995,6,London,E12000007,1,TM,66.957,41.61,1376969365
1995,6,London,E12000007,3,TA,332.211,206.43,3881047016
1995,6,London,E12000007,4,PA,1374.706,854.2,7146821873
1995,6,London,E12000007,5,M,12644,7856.62,6957620896
1995,7,East of England,E12000006,1,TM,248.014,154.11,4320804105
1995,7,East of England,E12000006,3,TA,1131.908,703.34,6042986600
1995,7,East of England,E12000006,4,PA,2736.814,1700.58,7885298315
1995,7,East of England,E12000006,5,M,34740.1,21586.5,11311937114
1995,8,Yorkshire and the Humber,E12000003,1,TM,339.762,211.12,4134782078
1995,8,Yorkshire and the Humber,E12000003,2,PM,5.612,3.49,82682691.83
1995,8,Yorkshire and the Humber,E12000003,3,TA,700.836,435.48,3133691757
1995,8,Yorkshire and the Humber,E12000003,4,PA,2573.884,1599.34,6701075397
1995,8,Yorkshire and the Humber,E12000003,5,M,27611.1,17156.74,7989272669
1995,9,South East,E12000008,1,TM,605.147,376.02,10492805848
1995,9,South East,E12000008,2,PM,16.997,10.56,232741494.7
1995,9,South East,E12000008,3,TA,852.931,529.99,5790407698
1995,9,South East,E12000008,4,PA,4296.099,2669.47,13455425716
1995,9,South East,E12000008,5,M,41020.7,25489.08,15888834321
1995,10,West Midlands,E12000005,1,TM,358.449,222.73,5721315484
1995,10,West Midlands,E12000005,2,PM,6.895,4.28,153947655.1
1995,10,West Midlands,E12000005,3,TA,836.417,519.73,3405127134
1995,10,West Midlands,E12000005,4,PA,2674.411,1661.8,6892231578
1995,10,West Midlands,E12000005,5,M,28069.2,17441.39,10092401983
1995,11,North East,E12000001,1,TM,52.212,32.44,516980060.2
1995,11,North East,E12000001,2,PM,3.848,2.39,57154573.54
1995,11,North East,E12000001,3,TA,435.808,270.8,2054327965
1995,11,North East,E12000001,4,PA,1309.772,813.85,3258559300
1995,11,North East,E12000001,5,M,14084.6,8751.76,4737551135
1996,1,South West,E12000009,1,TM,312.241,194.02,4004094212
1996,1,South West,E12000009,3,TA,999.129,620.83,3819593409
1996,1,South West,E12000009,4,PA,3879.448,2410.58,8414392699
1996,1,South West,E12000009,5,M,43815.5,27225.69,9438334387
1996,2,East Midlands,E12000004,1,TM,185.07,115,3250808500
1996,2,East Midlands,E12000004,3,TA,1223.44,760.21,5372519137
1996,2,East Midlands,E12000004,4,PA,2574.057,1599.44,5914462545
1996,2,East Midlands,E12000004,5,M,26866.8,16694.26,7331501571
1996,3,Scotland,S92000003,1,TM,347.39,215.86,2849803348
1996,3,Scotland,S92000003,3,TA,2836.5,1762.52,5519569909
1996,3,Scotland,S92000003,4,PA,7414.591,4607.21,7035624131
1996,3,Scotland,S92000003,5,M,48220.1,29962.58,7922223113
1996,4,Wales,W92000004,1,TM,135.005,83.89,1503567018
1996,4,Wales,W92000004,3,TA,1518.48,943.54,3413570348
1996,4,Wales,W92000004,4,PA,2584.139,1605.71,4292853158
1996,4,Wales,W92000004,5,M,28469,17689.82,5477823342
1996,5,North West,E12000002,1,TM,573.462,356.33,8152776698
1996,5,North West,E12000002,2,PM,24.027,14.93,199977286.4
1996,5,North West,E12000002,3,TA,827.343,514.09,2906422857
1996,5,North West,E12000002,4,PA,3130.847,1945.42,9037391226
1996,5,North West,E12000002,5,M,31621.8,19648.88,10524192786
1996,6,London,E12000007,1,TM,68.122,42.33,1453668236
1996,6,London,E12000007,3,TA,327.927,203.76,3895727257
1996,6,London,E12000007,4,PA,1372.198,852.64,7161748212
1996,6,London,E12000007,5,M,12679.6,7878.74,7037744356
1996,7,East of England,E12000006,1,TM,252.335,156.79,4563313036
1996,7,East of England,E12000006,3,TA,1139.596,708.11,6274514106
1996,7,East of England,E12000006,4,PA,2722.223,1691.51,8041283621
1996,7,East of England,E12000006,5,M,34804.4,21626.45,11485160166
1996,8,Yorkshire and the Humber,E12000003,1,TM,345.682,214.8,4446873957
1996,8,Yorkshire and the Humber,E12000003,2,PM,3.489,2.17,53781714.79
1996,8,Yorkshire and the Humber,E12000003,3,TA,704.609,437.82,3235358903
1996,8,Yorkshire and the Humber,E12000003,4,PA,2561.532,1591.66,6839820591
1996,8,Yorkshire and the Humber,E12000003,5,M,27669.6,17193.09,8104785552
1996,9,South East,E12000008,1,TM,615.693,382.57,11235336490
1996,9,South East,E12000008,2,PM,10.568,6.57,150520033.6
1996,9,South East,E12000008,3,TA,858.197,533.26,6047095885
1996,9,South East,E12000008,4,PA,4274.007,2655.74,13778273642
1996,9,South East,E12000008,5,M,41106.2,25542.21,16116241236
1996,10,West Midlands,E12000005,1,TM,364.694,226.61,6090353734
1996,10,West Midlands,E12000005,2,PM,4.287,2.66,92229732.74
1996,10,West Midlands,E12000005,3,TA,840.809,522.45,3541864232
1996,10,West Midlands,E12000005,4,PA,2661.357,1653.69,7004036231
1996,10,West Midlands,E12000005,5,M,28126.5,17477,10229884624
1996,11,North East,E12000001,1,TM,53.124,33.01,543448841.9
1996,11,North East,E12000001,2,PM,2.393,1.49,35161873.41
1996,11,North East,E12000001,3,TA,438.324,272.36,2142627775
1996,11,North East,E12000001,4,PA,1303.207,809.78,3316988357
1996,11,North East,E12000001,5,M,14114.3,8770.22,4801730712
1997,1,South West,E12000009,1,TM,319.951,198.81,4165821956
1997,1,South West,E12000009,3,TA,1007.23,625.86,3906378904
1997,1,South West,E12000009,4,PA,3887.615,2415.65,8495297721
1997,1,South West,E12000009,5,M,43893.9,27274.4,9581537995
1997,2,East Midlands,E12000004,1,TM,189.641,117.84,3430219391
1997,2,East Midlands,E12000004,3,TA,1232.401,765.78,5509680388
1997,2,East Midlands,E12000004,4,PA,2579.786,1603,5974207196
1997,2,East Midlands,E12000004,5,M,26918.6,16726.44,7441467594
1997,3,Scotland,S92000003,1,TM,355.967,221.19,3014856771
1997,3,Scotland,S92000003,3,TA,2859.662,1776.91,5655356588
1997,3,Scotland,S92000003,4,PA,7429.27,4616.33,7117090428
1997,3,Scotland,S92000003,5,M,48302.1,30013.53,8040322904
1997,4,Wales,W92000004,1,TM,138.338,85.96,1602232689
1997,4,Wales,W92000004,3,TA,1530.945,951.29,3500614850
1997,4,Wales,W92000004,4,PA,2589.673,1609.15,4358767616
1997,4,Wales,W92000004,5,M,28517.3,17719.83,5562193287
1997,5,North West,E12000002,1,TM,587.621,365.13,8586042341
1997,5,North West,E12000002,2,PM,24.092,14.97,205785658
1997,5,North West,E12000002,3,TA,832.698,517.41,2985866895
1997,5,North West,E12000002,4,PA,3139.521,1950.81,9057843966
1997,5,North West,E12000002,5,M,31693.9,19693.68,10654439371
1997,6,London,E12000007,1,TM,69.806,43.38,1525809465
1997,6,London,E12000007,3,TA,325.64,202.34,3889149908
1997,6,London,E12000007,4,PA,1377.335,855.84,7170298571
1997,6,London,E12000007,5,M,12715.4,7900.98,7109087175
1997,7,East of England,E12000006,1,TM,258.564,160.66,4779108119
1997,7,East of England,E12000006,3,TA,1148.283,713.51,6516553593
1997,7,East of England,E12000006,4,PA,2728.543,1695.44,8114547644
1997,7,East of England,E12000006,5,M,34869.5,21666.9,11662232883
1997,8,Yorkshire and the Humber,E12000003,1,TM,354.217,220.1,4637764340
1997,8,Yorkshire and the Humber,E12000003,2,PM,3.499,2.17,55817888.53
1997,8,Yorkshire and the Humber,E12000003,3,TA,709.256,440.71,3310819247
1997,8,Yorkshire and the Humber,E12000003,4,PA,2568.034,1595.7,6875781070
1997,8,Yorkshire and the Humber,E12000003,5,M,27728.1,17229.44,8222064597
1997,9,South East,E12000008,1,TM,630.894,392.02,11767588133
1997,9,South East,E12000008,2,PM,10.596,6.58,155461798.7
1997,9,South East,E12000008,3,TA,864.351,537.08,6290876468
1997,9,South East,E12000008,4,PA,4284.263,2662.12,13937358514
1997,9,South East,E12000008,5,M,41192.3,25595.71,16344497960
1997,10,West Midlands,E12000005,1,TM,373.701,232.21,6379212687
1997,10,West Midlands,E12000005,2,PM,4.299,2.67,94740212.16
1997,10,West Midlands,E12000005,3,TA,846.281,525.85,3644097531
1997,10,West Midlands,E12000005,4,PA,2668.024,1657.83,7048744615
1997,10,West Midlands,E12000005,5,M,28183.5,17512.41,10365868901
1997,11,North East,E12000001,1,TM,54.435,33.82,580530398.1
1997,11,North East,E12000001,2,PM,2.399,1.49,34999809.24
1997,11,North East,E12000001,3,TA,441.337,274.23,2225317901
1997,11,North East,E12000001,4,PA,1306.401,811.76,3369784308
1997,11,North East,E12000001,5,M,14143.5,8788.36,4864473102
1998,1,South West,E12000009,1,TM,324.103,201.39,4364283621
1998,1,South West,E12000009,3,TA,997.318,619.7,3998618553
1998,1,South West,E12000009,4,PA,3907.464,2427.99,8621961447
1998,1,South West,E12000009,5,M,43971.7,27322.75,9688377093
1998,2,East Midlands,E12000004,1,TM,192.102,119.37,3631971850
1998,2,East Midlands,E12000004,3,TA,1220.239,758.22,5560913933
1998,2,East Midlands,E12000004,4,PA,2592.165,1610.7,6082946165
1998,2,East Midlands,E12000004,5,M,26970.7,16758.82,7530250478
1998,3,Scotland,S92000003,1,TM,360.59,224.06,3151594731
1998,3,Scotland,S92000003,3,TA,2831.538,1759.44,5699872482
1998,3,Scotland,S92000003,4,PA,7469.586,4641.39,7204388187
1998,3,Scotland,S92000003,5,M,48385.7,30065.48,8141212907
1998,4,Wales,W92000004,1,TM,140.135,87.08,1685967544
1998,4,Wales,W92000004,3,TA,1515.89,941.93,3515540525
1998,4,Wales,W92000004,4,PA,2602.643,1617.21,4386566088
1998,4,Wales,W92000004,5,M,28566.2,17750.21,5631206230
1998,5,North West,E12000002,1,TM,595.248,369.87,8976525093
1998,5,North West,E12000002,2,PM,23.777,14.77,211507218.5
1998,5,North West,E12000002,3,TA,824.456,512.29,2985210382
1998,5,North West,E12000002,4,PA,3150.209,1957.45,9123032427
1998,5,North West,E12000002,5,M,31766.4,19738.73,10804250250
1998,6,London,E12000007,1,TM,70.713,43.94,1557099926
1998,6,London,E12000007,3,TA,322.229,200.22,3900861197
1998,6,London,E12000007,4,PA,1378.611,856.63,7133584625
1998,6,London,E12000007,5,M,12751.1,7923.17,7228122943
1998,7,East of England,E12000006,1,TM,261.922,162.75,4882976845
1998,7,East of England,E12000006,3,TA,1136.965,706.48,6583135081
1998,7,East of England,E12000006,4,PA,2740.958,1703.15,8272388950
1998,7,East of England,E12000006,5,M,34934.6,21707.35,11796843661
1998,8,Yorkshire and the Humber,E12000003,1,TM,358.814,222.96,4871375364
1998,8,Yorkshire and the Humber,E12000003,2,PM,3.453,2.15,57189690.95
1998,8,Yorkshire and the Humber,E12000003,3,TA,702.236,436.35,3330081302
1998,8,Yorkshire and the Humber,E12000003,4,PA,2578.301,1602.08,7017119954
1998,8,Yorkshire and the Humber,E12000003,5,M,27786.2,17265.54,8333456058
1998,9,South East,E12000008,1,TM,639.081,397.11,12341318213
1998,9,South East,E12000008,2,PM,10.458,6.5,159809893.3
1998,9,South East,E12000008,3,TA,855.815,531.78,6420547240
1998,9,South East,E12000008,4,PA,4302.909,2673.7,14174519988
1998,9,South East,E12000008,5,M,41277.6,25648.71,16547072084
1998,10,West Midlands,E12000005,1,TM,378.551,235.22,6643315317
1998,10,West Midlands,E12000005,2,PM,4.242,2.64,95433166.56
1998,10,West Midlands,E12000005,3,TA,837.898,520.65,3687937757
1998,10,West Midlands,E12000005,4,PA,2678.916,1664.6,7120003148
1998,10,West Midlands,E12000005,5,M,28241.1,17548.21,10508523280
1998,11,North East,E12000001,1,TM,55.141,34.26,598871164.9
1998,11,North East,E12000001,2,PM,2.368,1.47,35869448.67
1998,11,North East,E12000001,3,TA,436.977,271.52,2244144377
1998,11,North East,E12000001,4,PA,1311.913,815.18,3415671487
1998,11,North East,E12000001,5,M,14173.4,8806.94,4939694322
1999,1,South West,E12000009,1,TM,326.8,203.06,4491894958
1999,1,South West,E12000009,3,TA,999.3,620.94,4022043410
1999,1,South West,E12000009,4,PA,3922.4,2437.27,8727678435
1999,1,South West,E12000009,5,M,44050.4,27371.65,9895299187
1999,2,East Midlands,E12000004,1,TM,193.7,120.36,3818461103
1999,2,East Midlands,E12000004,3,TA,1222.05,759.35,5732521856
1999,2,East Midlands,E12000004,4,PA,2603.01,1617.44,6141620936
1999,2,East Midlands,E12000004,5,M,27022.5,16791,7698954917
1999,3,Scotland,S92000003,1,TM,363.59,225.92,3208731607
1999,3,Scotland,S92000003,3,TA,2837.27,1763,5773458174
1999,3,Scotland,S92000003,4,PA,7495.31,4657.37,7259898375
1999,3,Scotland,S92000003,5,M,48469.3,30117.43,8322027831
1999,4,Wales,W92000004,1,TM,141.3,87.8,1765885643
1999,4,Wales,W92000004,3,TA,1519,943.86,3523495985
1999,4,Wales,W92000004,4,PA,2612.89,1623.57,4429316389
1999,4,Wales,W92000004,5,M,28615.9,17781.1,5759211945
1999,5,North West,E12000002,1,TM,600.2,372.95,9229747610
1999,5,North West,E12000002,2,PM,24.1,14.98,209226560
1999,5,North West,E12000002,3,TA,825.23,512.77,2996700287
1999,5,North West,E12000002,4,PA,3168.58,1968.86,9108248134
1999,5,North West,E12000002,5,M,31839.8,19784.33,11062208843
1999,6,London,E12000007,1,TM,71.3,44.3,1556558485
1999,6,London,E12000007,3,TA,319.7,198.65,4055850600
1999,6,London,E12000007,4,PA,1390.7,864.14,7287205031
1999,6,London,E12000007,5,M,12787.1,7945.54,7415384860
1999,7,East of England,E12000006,1,TM,264.1,164.1,4981643475
1999,7,East of England,E12000006,3,TA,1138.87,707.66,6765317060
1999,7,East of England,E12000006,4,PA,2753.23,1710.78,8352204724
1999,7,East of England,E12000006,5,M,34999.5,21747.68,12057999016
1999,8,Yorkshire and the Humber,E12000003,1,TM,361.8,224.81,4950321227
1999,8,Yorkshire and the Humber,E12000003,2,PM,3.5,2.17,55861777.22
1999,8,Yorkshire and the Humber,E12000003,3,TA,702.95,436.79,3370973914
1999,8,Yorkshire and the Humber,E12000003,4,PA,2591.53,1610.3,7016475212
1999,8,Yorkshire and the Humber,E12000003,5,M,27846.5,17303.01,8533629196
1999,9,South East,E12000008,1,TM,644.4,400.41,12725753652
1999,9,South East,E12000008,2,PM,10.6,6.59,166358249.7
1999,9,South East,E12000008,3,TA,857,532.52,6581739116
1999,9,South East,E12000008,4,PA,4323.18,2686.3,14254490685
1999,9,South East,E12000008,5,M,41364.1,25702.46,16926429846
1999,10,West Midlands,E12000005,1,TM,381.7,237.18,6685007302
1999,10,West Midlands,E12000005,2,PM,4.3,2.67,83221786.64
1999,10,West Midlands,E12000005,3,TA,838.7,521.14,3711975573
1999,10,West Midlands,E12000005,4,PA,2692.39,1672.97,7184197423
1999,10,West Midlands,E12000005,5,M,28298.2,17583.69,10756200876
1999,11,North East,E12000001,1,TM,55.6,34.55,597752959
1999,11,North East,E12000001,2,PM,2.4,1.49,34799858.2
1999,11,North East,E12000001,3,TA,437.5,271.85,2342366657
1999,11,North East,E12000001,4,PA,1318.3,819.15,3460748005
1999,11,North East,E12000001,5,M,14203,8825.34,5068239589
2000,1,South West,E12000009,1,TM,326.8,203.06,4521099474
2000,1,South West,E12000009,3,TA,999.3,620.94,4132628375
2000,1,South West,E12000009,4,PA,3927.1,2440.19,8633699033
2000,1,South West,E12000009,5,M,44129.5,27420.8,10069256223
2000,2,East Midlands,E12000004,1,TM,193.7,120.36,3730184955
2000,2,East Midlands,E12000004,3,TA,1210.8,752.36,5582205508
2000,2,East Midlands,E12000004,4,PA,2624.66,1630.89,6220316121
2000,2,East Midlands,E12000004,5,M,27074.3,16823.19,7784910270
2000,3,Scotland,S92000003,1,TM,385.29,239.41,3358286173
2000,3,Scotland,S92000003,3,TA,2811.97,1747.28,5543297877
2000,3,Scotland,S92000003,4,PA,7482.01,4649.11,7185207573
2000,3,Scotland,S92000003,5,M,48552.8,30169.31,8344977797
2000,4,Wales,W92000004,1,TM,141.3,87.8,1746195956
2000,4,Wales,W92000004,3,TA,1539.5,956.6,3522626751
2000,4,Wales,W92000004,4,PA,2607.29,1620.09,4399246745
2000,4,Wales,W92000004,5,M,28664.9,17811.54,5702553649
2000,5,North West,E12000002,1,TM,600.2,372.95,9294708345
2000,5,North West,E12000002,2,PM,23.7,14.73,217057446.4
2000,5,North West,E12000002,3,TA,826.83,513.77,3012841156
2000,5,North West,E12000002,4,PA,3168.28,1968.68,9079724138
2000,5,North West,E12000002,5,M,31911.4,19828.82,10921472077
2000,6,London,E12000007,1,TM,65.6,40.76,1475750000
2000,6,London,E12000007,3,TA,319.2,198.34,4150315791
2000,6,London,E12000007,4,PA,1396,867.43,7234092467
2000,6,London,E12000007,5,M,12823,7967.84,7428197699
2000,7,East of England,E12000006,1,TM,263.3,163.61,4855736908
2000,7,East of England,E12000006,3,TA,1138.47,707.41,6796380902
2000,7,East of England,E12000006,4,PA,2755.43,1712.14,8325032144
2000,7,East of England,E12000006,5,M,35065.2,21788.51,12049363018
2000,8,Yorkshire and the Humber,E12000003,1,TM,361.8,224.81,5021824250
2000,8,Yorkshire and the Humber,E12000003,2,PM,3.5,2.17,53467992.8
2000,8,Yorkshire and the Humber,E12000003,3,TA,702.95,436.79,3323205276
2000,8,Yorkshire and the Humber,E12000003,4,PA,2602.23,1616.95,6958946291
2000,8,Yorkshire and the Humber,E12000003,5,M,27904.6,17339.11,8536007251
2000,9,South East,E12000008,1,TM,644.4,400.41,12938510974
2000,9,South East,E12000008,2,PM,10.6,6.59,167622029.7
2000,9,South East,E12000008,3,TA,875.6,544.07,6587285531
2000,9,South East,E12000008,4,PA,4330.38,2690.77,14313142404
2000,9,South East,E12000008,5,M,41449.5,25755.53,16671724027
2000,10,West Midlands,E12000005,1,TM,381.7,237.18,6805691385
2000,10,West Midlands,E12000005,2,PM,4.3,2.67,82578081.38
2000,10,West Midlands,E12000005,3,TA,838.7,521.14,3640144958
2000,10,West Midlands,E12000005,4,PA,2694.69,1674.4,7138157902
2000,10,West Midlands,E12000005,5,M,28355.3,17619.17,10680300998
2000,11,North East,E12000001,1,TM,55.6,34.55,585973313
2000,11,North East,E12000001,2,PM,2.4,1.49,33739442.41
2000,11,North East,E12000001,3,TA,437.5,271.85,2323134571
2000,11,North East,E12000001,4,PA,1319.8,820.09,3439082977
2000,11,North East,E12000001,5,M,14232.4,8843.6,4932690783
2001,1,South West,E12000009,1,TM,326.8,203.06,4722110400
2001,1,South West,E12000009,3,TA,999.5,621.06,4287689028
2001,1,South West,E12000009,4,PA,3927.1,2440.19,8766209827
2001,1,South West,E12000009,5,M,44208.5,27469.89,10286319379
2001,2,East Midlands,E12000004,1,TM,193.7,120.36,3854847294
2001,2,East Midlands,E12000004,3,TA,1210.8,752.36,5751062368
2001,2,East Midlands,E12000004,4,PA,2624.26,1630.64,6263348517
2001,2,East Midlands,E12000004,5,M,27126.5,16855.63,7905126899
2001,3,Scotland,S92000003,1,TM,386.49,240.15,3459315929
2001,3,Scotland,S92000003,3,TA,2811.97,1747.28,5677180662
2001,3,Scotland,S92000003,4,PA,7482.01,4649.11,7204936529
2001,3,Scotland,S92000003,5,M,48637.3,30221.82,8407168093
2001,4,Wales,W92000004,1,TM,141.3,87.8,1825398501
2001,4,Wales,W92000004,3,TA,1546.6,961.01,3590950578
2001,4,Wales,W92000004,4,PA,2631.39,1635.07,4442729288
2001,4,Wales,W92000004,5,M,28714,17842.05,5670377777
2001,5,North West,E12000002,1,TM,615.5,382.45,9770751770
2001,5,North West,E12000002,2,PM,24.1,14.98,233056712.5
2001,5,North West,E12000002,3,TA,826.83,513.77,3017482738
2001,5,North West,E12000002,4,PA,3165.68,1967.06,9084916335
2001,5,North West,E12000002,5,M,31984.7,19874.37,10859795920
2001,6,London,E12000007,1,TM,60.1,37.34,1339946984
2001,6,London,E12000007,4,PA,1720.8,1069.26,11465994660
2001,6,London,E12000007,5,M,12859.4,7990.46,7523947606
2001,7,East of England,E12000006,1,TM,264.1,164.1,5003421176
2001,7,East of England,E12000006,3,TA,1138.47,707.41,6995615753
2001,7,East of England,E12000006,4,PA,2754.13,1711.34,8443417055
2001,7,East of England,E12000006,5,M,35130.8,21829.27,12088342343
2001,8,Yorkshire and the Humber,E12000003,1,TM,361.8,224.81,5202384338
2001,8,Yorkshire and the Humber,E12000003,2,PM,3.5,2.17,48741217.54
2001,8,Yorkshire and the Humber,E12000003,3,TA,682.85,424.3,3327285433
2001,8,Yorkshire and the Humber,E12000003,4,PA,2623.63,1630.25,7101909655
2001,8,Yorkshire and the Humber,E12000003,5,M,27964.4,17376.27,8586372871
2001,9,South East,E12000008,1,TM,644.4,400.41,13291607009
2001,9,South East,E12000008,2,PM,10.6,6.59,168374347.6
2001,9,South East,E12000008,3,TA,875.6,544.07,6837056972
2001,9,South East,E12000008,4,PA,4332.18,2691.89,14471932408
2001,9,South East,E12000008,5,M,41536.4,25809.52,16507979326
2001,10,West Midlands,E12000005,1,TM,381.7,237.18,6804949604
2001,10,West Midlands,E12000005,2,PM,4.3,2.67,70967801.17
2001,10,West Midlands,E12000005,3,TA,838.7,521.14,3773510246
2001,10,West Midlands,E12000005,4,PA,2709.59,1683.66,7243180572
2001,10,West Midlands,E12000005,5,M,28413.4,17655.27,10675502299
2001,11,North East,E12000001,1,TM,55.6,34.55,606889505.3
2001,11,North East,E12000001,2,PM,2.4,1.49,33680824.61
2001,11,North East,E12000001,3,TA,437.5,271.85,2421835822
2001,11,North East,E12000001,4,PA,1314.2,816.61,3503160557
2001,11,North East,E12000001,5,M,14263,8862.62,4840407147
2002,1,South West,E12000009,1,TM,326.8,203.06,4803663102
2002,1,South West,E12000009,3,TA,1003,623.24,4395879118
2002,1,South West,E12000009,4,PA,3925.9,2439.44,8971171011
2002,1,South West,E12000009,5,M,44288,27519.29,10869796844
2002,2,East Midlands,E12000004,1,TM,193.7,120.36,3931168440
2002,2,East Midlands,E12000004,3,TA,1106.9,687.8,5583861557
2002,2,East Midlands,E12000004,4,PA,2727.76,1694.95,6718514419
2002,2,East Midlands,E12000004,5,M,27178.9,16888.19,8294536173
2002,3,Scotland,S92000003,1,TM,386.49,240.15,3560208400
2002,3,Scotland,S92000003,3,TA,2804.07,1742.37,5963468157
2002,3,Scotland,S92000003,4,PA,7493.01,4655.94,7388479965
2002,3,Scotland,S92000003,5,M,48721.1,30273.89,8741012596
2002,4,Wales,W92000004,1,TM,141.3,87.8,1906057768
2002,4,Wales,W92000004,3,TA,1546.6,961.01,3741706436
2002,4,Wales,W92000004,4,PA,2628.29,1633.14,4563125110
2002,4,Wales,W92000004,5,M,28764.3,17873.31,5826682363
2002,5,North West,E12000002,1,TM,615.8,382.64,9961056715
2002,5,North West,E12000002,2,PM,24.1,14.98,238614091.5
2002,5,North West,E12000002,3,TA,677.83,421.18,2539681777
2002,5,North West,E12000002,4,PA,3322.88,2064.74,9705875953
2002,5,North West,E12000002,5,M,32057.9,19919.86,11109149384
2002,6,London,E12000007,1,TM,60.1,37.34,1374588457
2002,6,London,E12000007,4,PA,1723.02,1070.63,11239577399
2002,6,London,E12000007,5,M,12895.7,8013.02,7801339711
2002,7,East of England,E12000006,1,TM,265.3,164.85,5036992924
2002,7,East of England,E12000006,3,TA,864.1,536.93,6231833400
2002,7,East of England,E12000006,4,PA,3025.6,1880.02,9365962586
2002,7,East of England,E12000006,5,M,35196.1,21869.84,12542614376
2002,8,Yorkshire and the Humber,E12000003,1,TM,361.8,224.81,5369938077
2002,8,Yorkshire and the Humber,E12000003,2,PM,3.5,2.17,48020534.76
2002,8,Yorkshire and the Humber,E12000003,3,TA,662.95,411.94,3319623612
2002,8,Yorkshire and the Humber,E12000003,4,PA,2648.41,1645.65,7294660246
2002,8,Yorkshire and the Humber,E12000003,5,M,28023.7,17413.12,8908706124
2002,9,South East,E12000008,1,TM,644.4,400.41,13459845815
2002,9,South East,E12000008,2,PM,10.6,6.59,172428266.7
2002,9,South East,E12000008,3,TA,846,525.68,6855712637
2002,9,South East,E12000008,4,PA,4368.38,2714.39,14682886163
2002,9,South East,E12000008,5,M,41622.5,25863.02,16878463262
2002,10,West Midlands,E12000005,1,TM,381.7,237.18,6959673466
2002,10,West Midlands,E12000005,2,PM,4.3,2.67,72271085.92
2002,10,West Midlands,E12000005,3,TA,729.6,453.35,3649963961
2002,10,West Midlands,E12000005,4,PA,2816.99,1750.4,7589128216
2002,10,West Midlands,E12000005,5,M,28471,17691.06,10987634333
2002,11,North East,E12000001,1,TM,55.6,34.55,634023273.8
2002,11,North East,E12000001,2,PM,2.4,1.49,34258621.53
2002,11,North East,E12000001,3,TA,437.5,271.85,2452620764
2002,11,North East,E12000001,4,PA,1314.9,817.04,3575833112
2002,11,North East,E12000001,5,M,14292.7,8881.07,4884353007
2003,1,South West,E12000009,1,TM,326.8,203.06,4897645594
2003,1,South West,E12000009,3,TA,831.2,516.48,4109250344
2003,1,South West,E12000009,4,PA,4100.8,2548.12,9461409792
2003,1,South West,E12000009,5,M,44369.8425,27570.14,11088310416
2003,2,East Midlands,E12000004,1,TM,193.7,120.36,4067932103
2003,2,East Midlands,E12000004,3,TA,667.4,414.7,4479031094
2003,2,East Midlands,E12000004,4,PA,3165.86,1967.17,8113725145
2003,2,East Midlands,E12000004,5,M,27232.8365,16921.7,8401189022
2003,3,Scotland,S92000003,1,TM,386.49,240.15,3638510308
2003,3,Scotland,S92000003,3,TA,2804.07,1742.37,6050263178
2003,3,Scotland,S92000003,4,PA,7490.71,4654.51,7486348784
2003,3,Scotland,S92000003,5,M,48808.0395,30327.91,8791106132
2003,4,Wales,W92000004,1,TM,141.3,87.8,1938961687
2003,4,Wales,W92000004,3,TA,1546.6,961.01,3834772999
2003,4,Wales,W92000004,4,PA,2628.29,1633.14,4649610360
2003,4,Wales,W92000004,5,M,28815.4135,17905.07,5783665830
2003,5,North West,E12000002,1,TM,615.8,382.64,10133487681
2003,5,North West,E12000002,2,PM,24.1,14.98,238838329.2
2003,5,North West,E12000002,3,TA,586.33,364.33,2341616592
2003,5,North West,E12000002,4,PA,3416.78,2123.09,9947356335
2003,5,North West,E12000002,5,M,32134.8075,19967.64,11025053913
2003,6,London,E12000007,1,TM,60.1,37.34,1314554935
2003,6,London,E12000007,4,PA,1719.11,1068.21,11223637337
2003,6,London,E12000007,5,M,12933.709,8036.63,7909921086
2003,7,East of England,E12000006,1,TM,265.3,164.85,5039605620
2003,7,East of England,E12000006,3,TA,852,529.41,6314276284
2003,7,East of England,E12000006,4,PA,3041.64,1889.99,9443202396
2003,7,East of England,E12000006,5,M,35264.3825,21912.27,12552211508
2003,8,Yorkshire and the Humber,E12000003,1,TM,361.8,224.81,5366636543
2003,8,Yorkshire and the Humber,E12000003,2,PM,3.5,2.17,46658779.29
2003,8,Yorkshire and the Humber,E12000003,3,TA,514.05,319.42,2851553031
2003,8,Yorkshire and the Humber,E12000003,4,PA,2797.31,1738.17,7877401809
2003,8,Yorkshire and the Humber,E12000003,5,M,28085.4315,17451.48,8942690960
2003,9,South East,E12000008,1,TM,643.8,400.04,13349662511
2003,9,South East,E12000008,2,PM,11.2,6.96,169970497.9
2003,9,South East,E12000008,3,TA,811.7,504.37,6750331606
2003,9,South East,E12000008,4,PA,4407.31,2738.58,14965740703
2003,9,South East,E12000008,5,M,41712.998,25919.26,16668923180
2003,10,West Midlands,E12000005,1,TM,381.7,237.18,6869412407
2003,10,West Midlands,E12000005,2,PM,4.3,2.67,74831141.76
2003,10,West Midlands,E12000005,3,TA,597.2,371.08,3284906445
2003,10,West Midlands,E12000005,4,PA,2923.49,1816.57,8032493866
2003,10,West Midlands,E12000005,5,M,28531.0175,17728.35,10961756655
2003,11,North East,E12000001,1,TM,55.6,34.55,626526066.2
2003,11,North East,E12000001,2,PM,2.4,1.49,33244142.96
2003,11,North East,E12000001,3,TA,404.1,251.1,2348743715
2003,11,North East,E12000001,4,PA,1346.9,836.92,3761795788
2003,11,North East,E12000001,5,M,14323.473,8900.19,4782576368
2004,1,South West,E12000009,1,TM,326.8,203.06,5016813032
2004,1,South West,E12000009,3,TA,828,514.5,4103218362
2004,1,South West,E12000009,4,PA,4105.24,2550.88,9598175138
2004,1,South West,E12000009,5,M,44039.2,27364.69,11313070084
2004,2,East Midlands,E12000004,1,TM,193.7,120.36,4233351878
2004,2,East Midlands,E12000004,3,TA,643.93,400.12,4437021356
2004,2,East Midlands,E12000004,4,PA,3196.42,1986.16,8344857788
2004,2,East Midlands,E12000004,5,M,26756.3,16625.59,8526582804
2004,3,Scotland,S92000003,1,TM,386.49,240.15,3786761675
2004,3,Scotland,S92000003,3,TA,2804.07,1742.37,6136743032
2004,3,Scotland,S92000003,4,PA,7491.61,4655.07,7582015038
2004,3,Scotland,S92000003,5,M,46033,28603.58,8503351571
2004,4,Wales,W92000004,1,TM,141.3,87.8,2099757754
2004,4,Wales,W92000004,3,TA,1546.6,961.01,3942302071
2004,4,Wales,W92000004,4,PA,2626.69,1632.15,4761151055
2004,4,Wales,W92000004,5,M,28864.8,17935.76,5800600388
2004,5,North West,E12000002,1,TM,615.8,382.64,10591804537
2004,5,North West,E12000002,2,PM,24.1,14.98,247933079.1
2004,5,North West,E12000002,3,TA,459.03,285.23,1783323633
2004,5,North West,E12000002,4,PA,3551.85,2207.02,10753210331
2004,5,North West,E12000002,5,M,31796.1,19757.18,10858076654
2004,6,London,E12000007,1,TM,60.1,37.34,1292490353
2004,6,London,E12000007,4,PA,1719.61,1068.52,11159760908
2004,6,London,E12000007,5,M,12901.4,8016.56,7911262525
2004,7,East of England,E12000006,1,TM,265.2,164.79,5262463978
2004,7,East of England,E12000006,3,TA,796.93,495.19,6101662467
2004,7,East of England,E12000006,4,PA,3096.52,1924.09,9943587754
2004,7,East of England,E12000006,5,M,35030.1,21766.7,12487791696
2004,8,Yorkshire and the Humber,E12000003,1,TM,361.8,224.81,5637625713
2004,8,Yorkshire and the Humber,E12000003,2,PM,3.5,2.17,48337060.07
2004,8,Yorkshire and the Humber,E12000003,3,TA,415.95,258.46,2621574395
2004,8,Yorkshire and the Humber,E12000003,4,PA,2900.02,1801.99,8379441570
2004,8,Yorkshire and the Humber,E12000003,5,M,28173.7,17506.33,9003333537
2004,9,South East,E12000008,1,TM,643.4,399.79,13581321694
2004,9,South East,E12000008,2,PM,11.2,6.96,172635658.3
2004,9,South East,E12000008,3,TA,669.3,415.88,6152526853
2004,9,South East,E12000008,4,PA,4551.61,2828.24,15796546889
2004,9,South East,E12000008,5,M,41415.2,25734.21,16435903474
2004,10,West Midlands,E12000005,1,TM,427.5,265.64,7323719598
2004,10,West Midlands,E12000005,2,PM,4.3,2.67,77516830.71
2004,10,West Midlands,E12000005,3,TA,579.28,359.95,3146409565
2004,10,West Midlands,E12000005,4,PA,2933.24,1822.63,8223498856
2004,10,West Midlands,E12000005,5,M,28447.2,17676.27,10957338750
2004,11,North East,E12000001,1,TM,55.6,34.55,640785209.8
2004,11,North East,E12000001,2,PM,2.4,1.49,31754504.44
2004,11,North East,E12000001,3,TA,404.1,251.1,2428028900
2004,11,North East,E12000001,4,PA,1348.52,837.93,3831467506
2004,11,North East,E12000001,5,M,14024.9,8714.67,4636737954
2005,1,South West,E12000009,1,TM,325.7,202.38,5193921010
2005,1,South West,E12000009,2,PM,1.1,0.68,19485926.56
2005,1,South West,E12000009,3,TA,704.6,437.82,3768762418
2005,1,South West,E12000009,4,PA,4230.21,2628.53,10049263694
2005,1,South West,E12000009,5,M,43953.7,27311.56,11596037641
2005,2,East Midlands,E12000004,1,TM,195.4,121.42,4205159166
2005,2,East Midlands,E12000004,3,TA,550.34,341.97,4068981859
2005,2,East Midlands,E12000004,4,PA,3291.48,2045.23,8645334174
2005,2,East Midlands,E12000004,5,M,26820.6,16665.55,8678245053
2005,3,Scotland,S92000003,1,TM,386.49,240.15,3821923803
2005,3,Scotland,S92000003,3,TA,2806.03,1743.59,6063309602
2005,3,Scotland,S92000003,4,PA,7464.36,4638.14,7554330406
2005,3,Scotland,S92000003,5,M,46206.5,28711.39,8595429265
2005,4,Wales,W92000004,1,TM,141.3,87.8,2050643825
2005,4,Wales,W92000004,3,TA,1546.6,961.01,3954477642
2005,4,Wales,W92000004,4,PA,2625.49,1631.4,4695995326
2005,4,Wales,W92000004,5,M,28919.6,17969.81,5816036998
2005,5,North West,E12000002,1,TM,611.5,379.97,10426431420
2005,5,North West,E12000002,2,PM,26,16.16,293768612.9
2005,5,North West,E12000002,3,TA,335.6,208.53,1531625997
2005,5,North West,E12000002,4,PA,3675.48,2283.84,10935610183
2005,5,North West,E12000002,5,M,31882.3,19810.74,10803998885
2005,6,London,E12000007,1,TM,60.1,37.34,1262625426
2005,6,London,E12000007,4,PA,1718.96,1068.11,11172760939
2005,6,London,E12000007,5,M,12962.2,8054.34,7987276045
2005,7,East of England,E12000006,1,TM,264.4,164.29,5255419141
2005,7,East of England,E12000006,3,TA,769.67,478.25,5936764302
2005,7,East of England,E12000006,4,PA,3113.16,1934.43,9953469903
2005,7,East of England,E12000006,5,M,34989,21741.16,12575176195
2005,8,Yorkshire and the Humber,E12000003,1,TM,361.8,224.81,5633241602
2005,8,Yorkshire and the Humber,E12000003,2,PM,3.5,2.17,48134978.29
2005,8,Yorkshire and the Humber,E12000003,3,TA,417.7,259.55,2651736810
2005,8,Yorkshire and the Humber,E12000003,4,PA,2910.96,1808.79,8402751714
2005,8,Yorkshire and the Humber,E12000003,5,M,28212.6,17530.5,9070544808
2005,9,South East,E12000008,1,TM,644,400.16,13562060031
2005,9,South East,E12000008,2,PM,10.6,6.59,167392162
2005,9,South East,E12000008,3,TA,666.2,413.96,6211626248
2005,9,South East,E12000008,4,PA,4555.45,2830.63,15585390569
2005,9,South East,E12000008,5,M,41366.2,25703.77,16273808732
2005,10,West Midlands,E12000005,1,TM,424.1,263.52,7595576961
2005,10,West Midlands,E12000005,2,PM,4.3,2.67,77548642.49
2005,10,West Midlands,E12000005,3,TA,540.08,335.59,2986865342
2005,10,West Midlands,E12000005,4,PA,2976.47,1849.49,8243328727
2005,10,West Midlands,E12000005,5,M,28494.3,17705.54,10968487344
2005,11,North East,E12000001,1,TM,55.6,34.55,648246884.8
2005,11,North East,E12000001,2,PM,2.4,1.49,31739503.18
2005,11,North East,E12000001,3,TA,347.5,215.93,2376485588
2005,11,North East,E12000001,4,PA,1411.37,876.98,3857734325
2005,11,North East,E12000001,5,M,14023.3,8713.67,4538936874
2006,1,South West,E12000009,1,TM,325.7,202.38,5335676575
2006,1,South West,E12000009,2,PM,1.1,0.68,17385300.47
2006,1,South West,E12000009,3,TA,705.1,438.13,3788076838
2006,1,South West,E12000009,4,PA,4231.19,2629.14,10159489567
2006,1,South West,E12000009,5,M,44680.1,27762.93,12027928693
2006,2,East Midlands,E12000004,1,TM,195.4,121.42,4248798165
2006,2,East Midlands,E12000004,3,TA,550.82,342.26,4118344109
2006,2,East Midlands,E12000004,4,PA,3293.04,2046.2,8797842713
2006,2,East Midlands,E12000004,5,M,27218.2,16912.61,8887625017
2006,3,Scotland,S92000003,1,TM,407.04,252.92,3997074871
2006,3,Scotland,S92000003,3,TA,2806.96,1744.16,6174211662
2006,3,Scotland,S92000003,4,PA,7518.5,4671.78,7760719559
2006,3,Scotland,S92000003,5,M,48766.6,30302.16,8916212947
2006,4,Wales,W92000004,1,TM,141.3,87.8,2092253096
2006,4,Wales,W92000004,3,TA,1546.6,961.01,4097412901
2006,4,Wales,W92000004,4,PA,2627.04,1632.37,4823016863
2006,4,Wales,W92000004,5,M,29531.9,18350.27,5874141666
2006,5,North West,E12000002,1,TM,611.5,379.97,10703198139
2006,5,North West,E12000002,2,PM,26,16.16,306962957.9
2006,5,North West,E12000002,3,TA,337.4,209.65,1557595265
2006,5,North West,E12000002,4,PA,3666.95,2278.54,10983766181
2006,5,North West,E12000002,5,M,32238.9,20032.32,10744220616
2006,6,London,E12000007,1,TM,60.1,37.34,1357188618
2006,6,London,E12000007,4,PA,1719.7,1068.57,11366639908
2006,6,London,E12000007,5,M,12965.8,8056.57,7957867120
2006,7,East of England,E12000006,1,TM,265,164.66,5181348280
2006,7,East of England,E12000006,3,TA,788.82,490.15,6132006747
2006,7,East of England,E12000006,4,PA,3093.71,1922.34,9970710260
2006,7,East of England,E12000006,5,M,35652,22153.13,12870061369
2006,8,Yorkshire and the Humber,E12000003,1,TM,375.8,233.51,5906741894
2006,8,Yorkshire and the Humber,E12000003,2,PM,3.5,2.17,47907089.16
2006,8,Yorkshire and the Humber,E12000003,3,TA,416.87,259.03,2718908427
2006,8,Yorkshire and the Humber,E12000003,4,PA,2920,1814.4,8487486970
2006,8,Yorkshire and the Humber,E12000003,5,M,28390.5,17641.04,9148251560
2006,9,South East,E12000008,1,TM,644,400.16,13851604780
2006,9,South East,E12000008,2,PM,10.6,6.59,173595064.5
2006,9,South East,E12000008,3,TA,666,413.83,6228666290
2006,9,South East,E12000008,4,PA,4558.89,2832.76,15637665241
2006,9,South East,E12000008,5,M,41528.5,25804.61,16194263884
2006,10,West Midlands,E12000005,1,TM,426.1,264.77,7799595224
2006,10,West Midlands,E12000005,2,PM,4.3,2.67,72430572.02
2006,10,West Midlands,E12000005,3,TA,541.28,336.34,3029823336
2006,10,West Midlands,E12000005,4,PA,2984.89,1854.72,8302933518
2006,10,West Midlands,E12000005,5,M,28782.9,17884.86,11004025258
2006,11,North East,E12000001,1,TM,55.6,34.55,675114963
2006,11,North East,E12000001,2,PM,2.4,1.49,31992839.32
2006,11,North East,E12000001,3,TA,346,214.99,2390749955
2006,11,North East,E12000001,4,PA,1415.71,879.68,3959795893
2006,11,North East,E12000001,5,M,14336.7,8908.41,4463978517
2007,1,South West,E12000009,1,TM,326.8,203.06,5424589124
2007,1,South West,E12000009,3,TA,734.7,456.52,3840465913
2007,1,South West,E12000009,4,PA,4205.46,2613.15,9886098699
2007,1,South West,E12000009,5,M,44795.9,27834.88,12624886806
2007,2,East Midlands,E12000004,1,TM,195.4,121.42,4199801798
2007,2,East Midlands,E12000004,3,TA,546.92,339.84,4150667296
2007,2,East Midlands,E12000004,4,PA,3307.04,2054.9,8834249711
2007,2,East Midlands,E12000004,5,M,27155.1,16873.4,9202139950
2007,3,Scotland,S92000003,1,TM,407.04,252.92,4086962113
2007,3,Scotland,S92000003,3,TA,2806.96,1744.16,6191766362
2007,3,Scotland,S92000003,4,PA,7494.6,4656.93,7711976987
2007,3,Scotland,S92000003,5,M,48869.7,30366.22,9200321488
2007,4,Wales,W92000004,1,TM,141.3,87.8,2159248939
2007,4,Wales,W92000004,3,TA,1546.6,961.01,4055024021
2007,4,Wales,W92000004,4,PA,2619.34,1627.58,4854338665
2007,4,Wales,W92000004,5,M,29554,18364,6021418475
2007,5,North West,E12000002,1,TM,615.8,382.64,10819437833
2007,5,North West,E12000002,2,PM,21.7,13.48,252942756.5
2007,5,North West,E12000002,3,TA,351.1,218.16,1589963641
2007,5,North West,E12000002,4,PA,3652.35,2269.47,10853873790
2007,5,North West,E12000002,5,M,32272,20052.89,10914576879
2007,6,London,E12000007,1,TM,60.1,37.34,1328312471
2007,6,London,E12000007,4,PA,1720.1,1068.82,11101629664
2007,6,London,E12000007,5,M,13003.33,8079.89,8211423200
2007,7,East of England,E12000006,1,TM,265,164.66,5300168374
2007,7,East of England,E12000006,3,TA,776.45,482.46,6076120529
2007,7,East of England,E12000006,4,PA,3129.11,1944.34,10030851469
2007,7,East of England,E12000006,5,M,35772.8,22228.19,13284368560
2007,8,Yorkshire and the Humber,E12000003,1,TM,380,236.12,6055927625
2007,8,Yorkshire and the Humber,E12000003,2,PM,3.5,2.17,48199752.51
2007,8,Yorkshire and the Humber,E12000003,3,TA,379.47,235.79,2361697250
2007,8,Yorkshire and the Humber,E12000003,4,PA,2951.9,1834.23,8708619416
2007,8,Yorkshire and the Humber,E12000003,5,M,28419.9,17659.31,9445611046
2007,9,South East,E12000008,1,TM,644,400.16,13927944825
2007,9,South East,E12000008,2,PM,10.6,6.59,172511026.2
2007,9,South East,E12000008,3,TA,669.3,415.88,6222166801
2007,9,South East,E12000008,4,PA,4555.99,2830.96,15541275672
2007,9,South East,E12000008,5,M,41542.3,25813.19,16450308349
2007,10,West Midlands,E12000005,1,TM,427,265.33,7921210158
2007,10,West Midlands,E12000005,2,PM,3.2,1.99,52277942.75
2007,10,West Midlands,E12000005,3,TA,505.18,313.9,2855292366
2007,10,West Midlands,E12000005,4,PA,3019.99,1876.53,8476636948
2007,10,West Midlands,E12000005,5,M,28816.21,17905.56,11231570106
2007,11,North East,E12000001,1,TM,55.6,34.55,714131541.2
2007,11,North East,E12000001,2,PM,2.4,1.49,32350140.8
2007,11,North East,E12000001,3,TA,345.6,214.75,2419987690
2007,11,North East,E12000001,4,PA,1416.41,880.12,3962710828
2007,11,North East,E12000001,5,M,14375.9,8932.77,4486363306
2008,1,South West,E12000009,1,TM,326.8,203.06,5557890245
2008,1,South West,E12000009,3,TA,735.8,457.2,3969831282
2008,1,South West,E12000009,4,PA,4209.56,2615.7,9851013702
2008,1,South West,E12000009,5,M,44712.4,27783,12730346804
2008,2,East Midlands,E12000004,1,TM,195.4,121.42,4070779341
2008,2,East Midlands,E12000004,3,TA,557.22,346.24,4148210456
2008,2,East Midlands,E12000004,4,PA,3301.44,2051.42,8692523208
2008,2,East Midlands,E12000004,5,M,27167.4,16881.04,9214211072
2008,3,Scotland,S92000003,1,TM,406.74,252.74,4152870737
2008,3,Scotland,S92000003,3,TA,2806.96,1744.16,6098027447
2008,3,Scotland,S92000003,4,PA,7464.5,4638.23,7625943828
2008,3,Scotland,S92000003,5,M,48964.1,30424.88,9177421786
2008,4,Wales,W92000004,1,TM,141.3,87.8,2148182485
2008,4,Wales,W92000004,3,TA,1546.6,961.01,4116827386
2008,4,Wales,W92000004,4,PA,2617.54,1626.46,4784899039
2008,4,Wales,W92000004,5,M,29552.8,18363.26,5962252809
2008,5,North West,E12000002,1,TM,615.8,382.64,10845044482
2008,5,North West,E12000002,2,PM,21.3,13.24,248508683.8
2008,5,North West,E12000002,3,TA,331.7,206.11,1557922429
2008,5,North West,E12000002,4,PA,3665.35,2277.54,10790363626
2008,5,North West,E12000002,5,M,32267,20049.78,10701280258
2008,6,London,E12000007,1,TM,60.1,37.34,1389720542
2008,6,London,E12000007,4,PA,1720.1,1068.82,10716360553
2008,6,London,E12000007,5,M,13015.6,8087.52,8127364674
2008,7,East of England,E12000006,1,TM,265,164.66,5249727672
2008,7,East of England,E12000006,3,TA,769.15,477.93,6129561050
2008,7,East of England,E12000006,4,PA,3116.21,1936.32,10015433813
2008,7,East of England,E12000006,5,M,35502.7,22060.36,13079018628
2008,8,Yorkshire and the Humber,E12000003,1,TM,380,236.12,5960318974
2008,8,Yorkshire and the Humber,E12000003,2,PM,3.5,2.17,44795146.59
2008,8,Yorkshire and the Humber,E12000003,3,TA,377.67,234.67,2352925454
2008,8,Yorkshire and the Humber,E12000003,4,PA,2950.3,1833.23,8507890194
2008,8,Yorkshire and the Humber,E12000003,5,M,28384.1,17637.06,9373942602
2008,9,South East,E12000008,1,TM,644,400.16,13765966954
2008,9,South East,E12000008,2,PM,10.6,6.59,173703585.8
2008,9,South East,E12000008,3,TA,669.3,415.88,6145720162
2008,9,South East,E12000008,4,PA,4559.49,2833.14,15323379918
2008,9,South East,E12000008,5,M,41422.3,25738.62,16031507826
2008,10,West Midlands,E12000005,1,TM,427,265.33,7831769473
2008,10,West Midlands,E12000005,2,PM,3.2,1.99,55026833.17
2008,10,West Midlands,E12000005,3,TA,488.48,303.53,2864645893
2008,10,West Midlands,E12000005,4,PA,3035.39,1886.1,8437029756
2008,10,West Midlands,E12000005,5,M,28850.3,17926.75,11094386759
2008,11,North East,E12000001,1,TM,55.6,34.55,692818761.9
2008,11,North East,E12000001,2,PM,2.4,1.49,31124227.51
2008,11,North East,E12000001,3,TA,341,211.89,2407121986
2008,11,North East,E12000001,4,PA,1417.21,880.61,3934190245
2008,11,North East,E12000001,5,M,14378.597,8934.45,4350089223
2009,1,South West,E12000009,1,TM,326.8,203.06,5425497324
2009,1,South West,E12000009,3,TA,735.8,457.2,3949767440
2009,1,South West,E12000009,4,PA,4214.5,2618.77,9859564065
2009,1,South West,E12000009,5,M,44658.6,27749.57,12642725895
2009,2,East Midlands,E12000004,1,TM,195.4,121.42,4067735150
2009,2,East Midlands,E12000004,3,TA,550.9,342.31,4123629063
2009,2,East Midlands,E12000004,4,PA,3307,2054.87,8654112455
2009,2,East Midlands,E12000004,5,M,27233.5,16922.11,9090288963
2009,3,Scotland,S92000003,1,TM,406.61,252.66,4121687273
2009,3,Scotland,S92000003,3,TA,2806,1743.57,6155316814
2009,3,Scotland,S92000003,4,PA,7481.7,4648.91,7690925926
2009,3,Scotland,S92000003,5,M,48695.2,30257.79,8932268550
2009,4,Wales,W92000004,1,TM,141.3,87.8,2085172271
2009,4,Wales,W92000004,3,TA,1546.6,961.01,4118033669
2009,4,Wales,W92000004,4,PA,2617.5,1626.44,4747720653
2009,4,Wales,W92000004,5,M,29546,18359.03,5788252803
2009,5,North West,E12000002,1,TM,616.9,383.32,10914239664
2009,5,North West,E12000002,2,PM,21.3,13.24,252714663.2
2009,5,North West,E12000002,3,TA,342.5,212.82,1576540726
2009,5,North West,E12000002,4,PA,3665.3,2277.51,10791808612
2009,5,North West,E12000002,5,M,32333.6,20091.17,10389815832
2009,6,London,E12000007,1,TM,60.1,37.34,1404843982
2009,6,London,E12000007,4,PA,1720.9,1069.32,10684435025
2009,6,London,E12000007,5,M,13019.6,8090,8022355299
2009,7,East of England,E12000006,1,TM,265,164.66,5302415105
2009,7,East of England,E12000006,3,TA,767.8,477.09,6089581505
2009,7,East of England,E12000006,4,PA,3146.2,1954.96,10081416693
2009,7,East of England,E12000006,5,M,35426.2,22012.82,12744285181
2009,8,Yorkshire and the Humber,E12000003,1,TM,380,236.12,5823688554
2009,8,Yorkshire and the Humber,E12000003,2,PM,3.5,2.17,43381671.04
2009,8,Yorkshire and the Humber,E12000003,3,TA,370.4,230.16,2307521570
2009,8,Yorkshire and the Humber,E12000003,4,PA,2964.3,1841.93,8514023171
2009,8,Yorkshire and the Humber,E12000003,5,M,28335.8,17607.05,9169473366
2009,9,South East,E12000008,1,TM,644,400.16,13721133627
2009,9,South East,E12000008,2,PM,10.6,6.59,173240711.4
2009,9,South East,E12000008,3,TA,669.3,415.88,6154571207
2009,9,South East,E12000008,4,PA,4559.4,2833.08,15100318446
2009,9,South East,E12000008,5,M,41599.1,25848.48,15514057564
2009,10,West Midlands,E12000005,1,TM,427,265.33,7685414516
2009,10,West Midlands,E12000005,2,PM,3.2,1.99,58812518.33
2009,10,West Midlands,E12000005,3,TA,456.1,283.41,2648756372
2009,10,West Midlands,E12000005,4,PA,3074.5,1910.41,8646881466
2009,10,West Midlands,E12000005,5,M,28874.5,17941.78,10790583203
2009,11,North East,E12000001,1,TM,55.6,34.55,683961497.4
2009,11,North East,E12000001,2,PM,2.4,1.49,32452745.34
2009,11,North East,E12000001,3,TA,340.6,211.64,2397276751
2009,11,North East,E12000001,4,PA,1421.6,883.34,3907901500
2009,11,North East,E12000001,5,M,14376.9,8933.39,4189878073
2010,1,South West,E12000009,1,TM,326.8,203.06,5361760922
2010,1,South West,E12000009,3,TA,734.8,456.58,3944551596
2010,1,South West,E12000009,4,PA,4211.2,2616.72,9675691355
2010,1,South West,E12000009,5,M,44631.2,27732.54,12485510035
2010,2,East Midlands,E12000004,1,TM,195.4,121.42,4125235854
2010,2,East Midlands,E12000004,3,TA,550.9,342.31,4115819007
2010,2,East Midlands,E12000004,4,PA,3307.2,2055,8572009047
2010,2,East Midlands,E12000004,5,M,27249.4,16931.99,8997082043
2010,3,Scotland,S92000003,1,TM,406.61,252.66,4041051293
2010,3,Scotland,S92000003,3,TA,2806,1743.57,6034722051
2010,3,Scotland,S92000003,4,PA,7473.3,4643.69,7601999475
2010,3,Scotland,S92000003,5,M,48605.4,30202,8963439332
2010,4,Wales,W92000004,1,TM,141.3,87.8,2024519562
2010,4,Wales,W92000004,3,TA,1546.6,961.01,4064711990
2010,4,Wales,W92000004,4,PA,2617,1626.13,4651240090
2010,4,Wales,W92000004,5,M,29530.8,18349.59,5767779548
2010,5,North West,E12000002,1,TM,614.7,381.96,10781149647
2010,5,North West,E12000002,2,PM,21.3,13.24,241398952
2010,5,North West,E12000002,3,TA,326.8,203.06,1523758288
2010,5,North West,E12000002,4,PA,3678.7,2285.84,10612583793
2010,5,North West,E12000002,5,M,32319,20082.1,10219834292
2010,6,London,E12000007,1,TM,60.1,37.34,1371797042
2010,6,London,E12000007,4,PA,1719.8,1068.63,10709247339
2010,6,London,E12000007,5,M,13039.2,8102.18,7770950614
2010,7,East of England,E12000006,1,TM,265,164.66,5067150448
2010,7,East of England,E12000006,3,TA,769.9,478.39,6004260387
2010,7,East of England,E12000006,4,PA,3103.4,1928.36,9846961488
2010,7,East of England,E12000006,5,M,35470.9,22040.6,12522600579
2010,8,Yorkshire and the Humber,E12000003,1,TM,380.1,236.18,5829146032
2010,8,Yorkshire and the Humber,E12000003,2,PM,3.5,2.17,43016590.3
2010,8,Yorkshire and the Humber,E12000003,3,TA,298.5,185.48,2125138055
2010,8,Yorkshire and the Humber,E12000003,4,PA,3034.5,1885.55,8522540572
2010,8,Yorkshire and the Humber,E12000003,5,M,28250.6,17554.11,9024275711
2010,9,South East,E12000008,1,TM,644,400.16,13531343217
2010,9,South East,E12000008,2,PM,10.6,6.59,172650372.4
2010,9,South East,E12000008,3,TA,669.3,415.88,6110722168
2010,9,South East,E12000008,4,PA,4559.1,2832.89,14915609953
2010,9,South East,E12000008,5,M,41670.8,25893.03,15351097866
2010,10,West Midlands,E12000005,1,TM,427,265.33,7670399099
2010,10,West Midlands,E12000005,2,PM,3.2,1.99,57440829
2010,10,West Midlands,E12000005,3,TA,437.6,271.91,2520816858
2010,10,West Midlands,E12000005,4,PA,3089.6,1919.79,8571991787
2010,10,West Midlands,E12000005,5,M,28873.5,17941.16,10610074496
2010,11,North East,E12000001,1,TM,55.6,34.55,670031388.9
2010,11,North East,E12000001,2,PM,2.4,1.49,31432143.16
2010,11,North East,E12000001,3,TA,338,210.02,2352379100
2010,11,North East,E12000001,4,PA,1424.2,884.96,3909154391
2010,11,North East,E12000001,5,M,14347.7,8915.25,4080293557
2011,1,South West,E12000009,1,TM,326.8,203.06,5382762533
2011,1,South West,E12000009,3,TA,734.4,456.34,3963245036
2011,1,South West,E12000009,4,PA,4211.2,2616.72,9687216562
2011,1,South West,E12000009,5,M,44624.1,27728.13,12432202866
2011,2,East Midlands,E12000004,1,TM,195.4,121.42,4063362731
2011,2,East Midlands,E12000004,3,TA,587.1,364.81,4523154629
2011,2,East Midlands,E12000004,4,PA,3272.9,2033.69,8276103973
2011,2,East Midlands,E12000004,5,M,27255.5,16935.78,8968680755
2011,3,Scotland,S92000003,1,TM,409.61,254.52,4082297537
2011,3,Scotland,S92000003,3,TA,2806,1743.57,6050578376
2011,3,Scotland,S92000003,4,PA,7478.9,4647.17,7587756676
2011,3,Scotland,S92000003,5,M,48593.5,30194.6,8869978480
2011,4,Wales,W92000004,1,TM,141.3,87.8,2055089705
2011,4,Wales,W92000004,3,TA,1546.6,961.01,4034645277
2011,4,Wales,W92000004,4,PA,2614.6,1624.64,4685699611
2011,4,Wales,W92000004,5,M,29527.2,18347.35,5786903041
2011,5,North West,E12000002,1,TM,624.3,387.92,11056060230
2011,5,North West,E12000002,2,PM,21.3,13.24,233910226.8
2011,5,North West,E12000002,3,TA,305.1,189.58,1369564758
2011,5,North West,E12000002,4,PA,3686.8,2290.87,10741340310
2011,5,North West,E12000002,5,M,32304.6,20073.15,10262331547
2011,6,London,E12000007,1,TM,60.1,37.34,1323778594
2011,6,London,E12000007,4,PA,1712.9,1064.35,10366267488
2011,6,London,E12000007,5,M,13027.1,8094.66,7805209554
2011,7,East of England,E12000006,1,TM,265,164.66,5288724294
2011,7,East of England,E12000006,3,TA,771.3,479.26,6078582952
2011,7,East of England,E12000006,4,PA,3110.1,1932.53,10003306833
2011,7,East of England,E12000006,5,M,35485.6,22049.73,12309296603
2011,8,Yorkshire and the Humber,E12000003,1,TM,380.1,236.18,5886362918
2011,8,Yorkshire and the Humber,E12000003,2,PM,3.5,2.17,41684727.13
2011,8,Yorkshire and the Humber,E12000003,3,TA,298,185.17,2175471592
2011,8,Yorkshire and the Humber,E12000003,4,PA,3043.6,1891.21,8573220592
2011,8,Yorkshire and the Humber,E12000003,5,M,28233.8,17543.67,9002522760
2011,9,South East,E12000008,1,TM,644,400.16,13668805698
2011,9,South East,E12000008,2,PM,10.6,6.59,176163784.1
2011,9,South East,E12000008,3,TA,669.9,416.26,6234183825
2011,9,South East,E12000008,4,PA,4561.5,2834.38,15001654224
2011,9,South East,E12000008,5,M,41728.7,25929.01,15366055760
2011,10,West Midlands,E12000005,1,TM,427,265.33,7784677626
2011,10,West Midlands,E12000005,2,PM,3.2,1.99,60863611.2
2011,10,West Midlands,E12000005,3,TA,439.1,272.84,2592091155
2011,10,West Midlands,E12000005,4,PA,3107.4,1930.85,8698921722
2011,10,West Midlands,E12000005,5,M,28874.1,17941.53,10619246390
2011,11,North East,E12000001,1,TM,55.6,34.55,681840640.7
2011,11,North East,E12000001,2,PM,2.4,1.49,31892049.18
2011,11,North East,E12000001,3,TA,340.5,211.58,2398865715
2011,11,North East,E12000001,4,PA,1425.1,885.52,3931849476
2011,11,North East,E12000001,5,M,14337.8,8909.1,4072220561
2012,1,South West,E12000009,1,TM,326.8,203.06,5335716148
2012,1,South West,E12000009,3,TA,736.5,457.64,3902756649
2012,1,South West,E12000009,4,PA,4210.48,2616.27,9615093597
2012,1,South West,E12000009,5,M,44702.91701,27777.1,12543531828
2012,2,East Midlands,E12000004,1,TM,195.4,121.42,4182246749
2012,2,East Midlands,E12000004,3,TA,589.02,366,4611134892
2012,2,East Midlands,E12000004,4,PA,3273.71,2034.19,8185379087
2012,2,East Midlands,E12000004,5,M,27299.49612,16963.12,9064234334
2012,3,Scotland,S92000003,1,TM,456.02,283.36,4436884658
2012,3,Scotland,S92000003,3,TA,2802.86,1741.62,5993237097
2012,3,Scotland,S92000003,4,PA,7480.09,4647.91,7469804595
2012,3,Scotland,S92000003,5,M,48645.1082,30226.67,8927889147
2012,4,Wales,W92000004,1,TM,141.3,87.8,2075908016
2012,4,Wales,W92000004,3,TA,1546.6,961.01,4012864597
2012,4,Wales,W92000004,4,PA,2614.59,1624.63,4643411044
2012,4,Wales,W92000004,5,M,29554.12598,18364.08,5883176174
2012,5,North West,E12000002,1,TM,624.6,388.11,10885468110
2012,5,North West,E12000002,2,PM,21.7,13.48,231688382.3
2012,5,North West,E12000002,3,TA,305.13,189.6,1348823869
2012,5,North West,E12000002,4,PA,3695.17,2296.07,10651256899
2012,5,North West,E12000002,5,M,32344.99223,20098.25,10366901774
2012,6,London,E12000007,1,TM,60.1,37.34,1394635064
2012,6,London,E12000007,4,PA,1713.26,1064.57,10128619661
2012,6,London,E12000007,5,M,13041.17333,8103.41,7817291535
2012,7,East of England,E12000006,1,TM,266.8,165.78,5457119550
2012,7,East of England,E12000006,3,TA,773.89,480.87,6145499968
2012,7,East of England,E12000006,4,PA,3111.7,1933.52,9912506698
2012,7,East of England,E12000006,5,M,35557.09629,22094.16,12313482725
2012,8,Yorkshire and the Humber,E12000003,1,TM,380,236.12,5780576853
2012,8,Yorkshire and the Humber,E12000003,2,PM,3.5,2.17,41314447.78
2012,8,Yorkshire and the Humber,E12000003,3,TA,298.02,185.18,2133245243
2012,8,Yorkshire and the Humber,E12000003,4,PA,3045.16,1892.17,8480859218
2012,8,Yorkshire and the Humber,E12000003,5,M,28288.37345,17577.58,9095090479
2012,9,South East,E12000008,1,TM,644,400.16,13754822220
2012,9,South East,E12000008,2,PM,10.6,6.59,181577536.9
2012,9,South East,E12000008,3,TA,673.3,418.37,6206198079
2012,9,South East,E12000008,4,PA,4559.98,2833.44,14816235077
2012,9,South East,E12000008,5,M,41812.2128,25980.9,15535051149
2012,10,West Midlands,E12000005,1,TM,427,265.33,7849562160
2012,10,West Midlands,E12000005,2,PM,3.2,1.99,55955271.3
2012,10,West Midlands,E12000005,3,TA,439.08,272.83,2643813529
2012,10,West Midlands,E12000005,4,PA,3108.35,1931.44,8572138256
2012,10,West Midlands,E12000005,5,M,28911.92568,17965.04,10716592496
2012,11,North East,E12000001,1,TM,55.6,34.55,712757808.4
2012,11,North East,E12000001,2,PM,2.4,1.49,31345346.33
2012,11,North East,E12000001,3,TA,342.37,212.74,2402812918
2012,11,North East,E12000001,4,PA,1425.21,885.58,3916776723
2012,11,North East,E12000001,5,M,14373.00909,8930.97,4095546823
2013,1,South West,E12000009,1,TM,326.8,203.06,5402186136
2013,1,South West,E12000009,3,TA,736.5,457.64,3925465333
2013,1,South West,E12000009,4,PA,4211.28,2616.77,9656719540
2013,1,South West,E12000009,5,M,44778.78044,27824.24,12621464177
2013,2,East Midlands,E12000004,1,TM,195.4,121.42,4270186324
2013,2,East Midlands,E12000004,3,TA,589.02,366,4610286457
2013,2,East Midlands,E12000004,4,PA,3274.01,2034.38,8173793267
2013,2,East Midlands,E12000004,5,M,27367.7306,17005.52,9138018054
2013,3,Scotland,S92000003,1,TM,456.82,283.85,4512229423
2013,3,Scotland,S92000003,3,TA,2802.86,1741.62,6039558345
2013,3,Scotland,S92000003,4,PA,7481.19,4648.6,7468529752
2013,3,Scotland,S92000003,5,M,48733.32008,30281.48,8942380911
2013,4,Wales,W92000004,1,TM,141.3,87.8,2121255648
2013,4,Wales,W92000004,3,TA,1563.8,971.7,4168718550
2013,4,Wales,W92000004,4,PA,2602.09,1616.86,4552211335
2013,4,Wales,W92000004,5,M,29586.66138,18384.3,5956127983
2013,5,North West,E12000002,1,TM,624.6,388.11,11070008227
2013,5,North West,E12000002,2,PM,21.7,13.48,250346339.4
2013,5,North West,E12000002,3,TA,305.13,189.6,1360049470
2013,5,North West,E12000002,4,PA,3693.82,2295.23,10566082985
2013,5,North West,E12000002,5,M,32382.05305,20121.27,10388223322
2013,6,London,E12000007,1,TM,60.1,37.34,1397038146
2013,6,London,E12000007,4,PA,1713.16,1064.51,10184357381
2013,6,London,E12000007,5,M,13056.37798,8112.86,7733067322
2013,7,East of England,E12000006,1,TM,266.8,165.78,5616080354
2013,7,East of England,E12000006,3,TA,773.89,480.87,6211797834
2013,7,East of England,E12000006,4,PA,3111.42,1933.35,9969972480
2013,7,East of England,E12000006,5,M,35613.32905,22129.1,12262309942
2013,8,Yorkshire and the Humber,E12000003,1,TM,401.3,249.36,6085357603
2013,8,Yorkshire and the Humber,E12000003,2,PM,3.5,2.17,45626937.68
2013,8,Yorkshire and the Humber,E12000003,3,TA,278.82,173.25,1955365364
2013,8,Yorkshire and the Humber,E12000003,4,PA,3061.66,1902.43,8510894110
2013,8,Yorkshire and the Humber,E12000003,5,M,28303.85624,17587.2,9120877283
2013,9,South East,E12000008,1,TM,644,400.16,13698485811
2013,9,South East,E12000008,2,PM,10.6,6.59,173628540.4
2013,9,South East,E12000008,3,TA,673.3,418.37,6204303520
2013,9,South East,E12000008,4,PA,4559.98,2833.44,14766658058
2013,9,South East,E12000008,5,M,41902.14773,26036.79,15632337716
2013,10,West Midlands,E12000005,1,TM,427,265.33,7880395400
2013,10,West Midlands,E12000005,2,PM,3.2,1.99,59724547.48
2013,10,West Midlands,E12000005,3,TA,439.08,272.83,2640698723
2013,10,West Midlands,E12000005,4,PA,3108.45,1931.5,8506080780
2013,10,West Midlands,E12000005,5,M,28950.41867,17988.96,10734975414
2013,11,North East,E12000001,1,TM,55.6,34.55,721182657.2
2013,11,North East,E12000001,2,PM,2.4,1.49,34927391.04
2013,11,North East,E12000001,3,TA,342.17,212.61,2411196625
2013,11,North East,E12000001,4,PA,1427.81,887.2,3929979638
2013,11,North East,E12000001,5,M,14395.54021,8944.97,4077683205
2014,1,South West,E12000009,1,TM,326.8,203.06,5563918337
2014,1,South West,E12000009,2,PM,0,0,0
2014,1,South West,E12000009,3,TA,736.5,457.64,3939225240
2014,1,South West,E12000009,4,PA,4216.57,2620.06,9849339717
2014,1,South West,E12000009,5,M,44816.63,27847.76,13249877155
2014,2,East Midlands,E12000004,1,TM,195.4,121.42,4197244469
2014,2,East Midlands,E12000004,2,PM,0,0,0
2014,2,East Midlands,E12000004,3,TA,589.02,366,4732023056
2014,2,East Midlands,E12000004,4,PA,3274.01,2034.38,8360600459
2014,2,East Midlands,E12000004,5,M,27386.77,17017.35,9586237062
2014,3,Scotland,S92000003,1,TM,456.82,283.85,4610885833
2014,3,Scotland,S92000003,2,PM,0,0,0
2014,3,Scotland,S92000003,3,TA,2793.96,1736.09,6018944936
2014,3,Scotland,S92000003,4,PA,7480.19,4647.97,7640810196
2014,3,Scotland,S92000003,5,M,48676.72,30246.31,9329146789
2014,4,Wales,W92000004,1,TM,141.8,88.11,2228495293
2014,4,Wales,W92000004,2,PM,0,0,0
2014,4,Wales,W92000004,3,TA,1547.5,961.57,4207618189
2014,4,Wales,W92000004,4,PA,2637.39,1638.8,4726577335
2014,4,Wales,W92000004,5,M,29590.46,18386.66,6285703163
2014,5,North West,E12000002,1,TM,624.6,388.11,11294736235
2014,5,North West,E12000002,2,PM,21.7,13.48,261943006
2014,5,North West,E12000002,3,TA,305.43,189.79,1397524125
2014,5,North West,E12000002,4,PA,3692.82,2294.61,10751207014
2014,5,North West,E12000002,5,M,32381.17,20120.73,10808077615
2014,6,London,E12000007,1,TM,60.1,37.34,1468335062
2014,6,London,E12000007,2,PM,0,0,0
2014,6,London,E12000007,3,TA,0,0,0
2014,6,London,E12000007,4,PA,1717.66,1067.3,10284919250
2014,6,London,E12000007,5,M,13065.08,8118.26,7927164159
2014,7,East of England,E12000006,1,TM,262.2,162.92,5781415607
2014,7,East of England,E12000006,2,PM,0,0,0
2014,7,East of England,E12000006,3,TA,778.89,483.98,6375822134
2014,7,East of England,E12000006,4,PA,3114.62,1935.34,10231309857
2014,7,East of England,E12000006,5,M,35651.54,22152.84,12728990540
2014,8,Yorkshire and the Humber,E12000003,1,TM,401.3,249.36,6351032765
2014,8,Yorkshire and the Humber,E12000003,2,PM,3.5,2.17,46564668.57
2014,8,Yorkshire and the Humber,E12000003,3,TA,278.82,173.25,2011735900
2014,8,Yorkshire and the Humber,E12000003,4,PA,3070.56,1907.96,8649371113
2014,8,Yorkshire and the Humber,E12000003,5,M,28279.74,17572.22,9509713818
2014,9,South East,E12000008,1,TM,644,400.16,13924236698
2014,9,South East,E12000008,2,PM,10.6,6.59,165908265.4
2014,9,South East,E12000008,3,TA,673.3,418.37,6368497494
2014,9,South East,E12000008,4,PA,4559.68,2833.25,15076172966
2014,9,South East,E12000008,5,M,41958.06,26071.53,16372376922
2014,10,West Midlands,E12000005,1,TM,434.7,270.11,8082859526
2014,10,West Midlands,E12000005,2,PM,3.2,1.99,61255932.5
2014,10,West Midlands,E12000005,3,TA,439.08,272.83,2670263384
2014,10,West Midlands,E12000005,4,PA,3109.25,1932,8731943279
2014,10,West Midlands,E12000005,5,M,28972.31,18002.56,11186130876
2014,11,North East,E12000001,1,TM,55.6,34.55,717802796.3
2014,11,North East,E12000001,2,PM,2.4,1.49,35533443.46
2014,11,North East,E12000001,3,TA,342.17,212.61,2470277978
2014,11,North East,E12000001,4,PA,1427.81,887.2,3995810226
2014,11,North East,E12000001,5,M,14411.47,8954.87,4224441890
2015,1,South West,E12000009,1,TM,326.8,203.06,5686974829
2015,1,South West,E12000009,2,PM,0,0,0
2015,1,South West,E12000009,3,TA,736.5,457.64,4027645470
2015,1,South West,E12000009,4,PA,4213.8,2618.33,9984509551
2015,1,South West,E12000009,5,M,44816.75,27847.84,13490855880
2015,2,East Midlands,E12000004,1,TM,195.4,121.42,4151317840
2015,2,East Midlands,E12000004,2,PM,0,0,0
2015,2,East Midlands,E12000004,3,TA,589.3,366.17,4944902052
2015,2,East Midlands,E12000004,4,PA,3283.2,2040.09,8550893167
2015,2,East Midlands,E12000004,5,M,27415.39,17035.13,9777455527
2015,3,Scotland,S92000003,1,TM,455.83,283.24,4646168784
2015,3,Scotland,S92000003,2,PM,0,0,0
2015,3,Scotland,S92000003,3,TA,2793.96,1736.09,6126152608
2015,3,Scotland,S92000003,4,PA,7480.19,4647.97,7763811518
2015,3,Scotland,S92000003,5,M,48615.15,30208.05,9452505660
2015,4,Wales,W92000004,1,TM,141.8,88.11,2287904443
2015,4,Wales,W92000004,2,PM,0,0,0
2015,4,Wales,W92000004,3,TA,1547.5,961.57,4298375569
2015,4,Wales,W92000004,4,PA,2641.19,1641.16,4837669599
2015,4,Wales,W92000004,5,M,29550.52,18361.84,6433948468
2015,5,North West,E12000002,1,TM,624.6,388.11,11526768516
2015,5,North West,E12000002,2,PM,21.7,13.48,267961461.3
2015,5,North West,E12000002,3,TA,289.5,179.89,1356055362
2015,5,North West,E12000002,4,PA,3699.2,2298.58,10918748354
2015,5,North West,E12000002,5,M,32396.76,20130.41,10969862826
2015,6,London,E12000007,1,TM,60.1,37.34,1498800479
2015,6,London,E12000007,2,PM,0,0,0
2015,6,London,E12000007,3,TA,0,0,0
2015,6,London,E12000007,4,PA,1719,1068.14,10222421722
2015,6,London,E12000007,5,M,13017.05,8088.42,7928960103
2015,7,East of England,E12000006,1,TM,261.9,162.74,5994960152
2015,7,East of England,E12000006,2,PM,0,0,0
2015,7,East of England,E12000006,3,TA,779.8,484.55,6639884508
2015,7,East of England,E12000006,4,PA,3117.8,1937.31,10431228732
2015,7,East of England,E12000006,5,M,35722.1,22196.68,12880031293
2015,8,Yorkshire and the Humber,E12000003,1,TM,411.6,255.76,6791127876
2015,8,Yorkshire and the Humber,E12000003,2,PM,3.5,2.17,44030142.8
2015,8,Yorkshire and the Humber,E12000003,3,TA,269.1,167.21,1865254243
2015,8,Yorkshire and the Humber,E12000003,4,PA,3063.5,1903.57,8765422661
2015,8,Yorkshire and the Humber,E12000003,5,M,28270.27,17566.33,9650324628
2015,9,South East,E12000008,1,TM,644,400.16,14426200709
2015,9,South East,E12000008,2,PM,10.6,6.59,170987732.5
2015,9,South East,E12000008,3,TA,673.2,418.31,6696691520
2015,9,South East,E12000008,4,PA,4560.7,2833.89,15369418796
2015,9,South East,E12000008,5,M,42008.38,26102.8,16676265274
2015,10,West Midlands,E12000005,1,TM,434.5,269.99,8179600628
2015,10,West Midlands,E12000005,2,PM,3.2,1.99,63201316.59
2015,10,West Midlands,E12000005,3,TA,439.1,272.84,2739216267
2015,10,West Midlands,E12000005,4,PA,3108.9,1931.78,8880544495
2015,10,West Midlands,E12000005,5,M,29023.43,18034.32,11372851716
2015,11,North East,E12000001,1,TM,55.6,34.55,721951310.3
2015,11,North East,E12000001,2,PM,2.4,1.49,35538080.62
2015,11,North East,E12000001,3,TA,342.2,212.63,2498629148
2015,11,North East,E12000001,4,PA,1428.4,887.57,4072581134
2015,11,North East,E12000001,5,M,14437.81,8971.24,4271653745
2016,1,South West,E12000009,1,TM,326.8,203.06,5821869975
2016,1,South West,E12000009,2,PM,0,0,0
2016,1,South West,E12000009,3,TA,737.3,458.14,4237917264
2016,1,South West,E12000009,4,PA,4212,2617.22,10301900906
2016,1,South West,E12000009,5,M,44995.44,27958.87,13977194913
2016,2,East Midlands,E12000004,1,TM,196.9,122.35,4256906983
2016,2,East Midlands,E12000004,2,PM,0,0,0
2016,2,East Midlands,E12000004,3,TA,589.3,366.17,5075030415
2016,2,East Midlands,E12000004,4,PA,3289.6,2044.06,8764036221
2016,2,East Midlands,E12000004,5,M,27542.73,17114.26,10094072986
2016,3,Scotland,S92000003,1,TM,456.03,283.36,4865004345
2016,3,Scotland,S92000003,2,PM,0,0,0
2016,3,Scotland,S92000003,3,TA,2793.86,1736.02,6301043961
2016,3,Scotland,S92000003,4,PA,7474.69,4644.56,7976226954
2016,3,Scotland,S92000003,5,M,48640.44,30223.77,9783971131
2016,4,Wales,W92000004,1,TM,141.8,88.11,2292286022
2016,4,Wales,W92000004,2,PM,0,0,0
2016,4,Wales,W92000004,3,TA,1546.7,961.07,4547247622
2016,4,Wales,W92000004,4,PA,2649.19,1646.13,4937318263
2016,4,Wales,W92000004,5,M,29588.2,18385.26,6788476164
2016,5,North West,E12000002,1,TM,624.6,388.11,11649832644
2016,5,North West,E12000002,2,PM,21.7,13.48,273976750.9
2016,5,North West,E12000002,3,TA,289.3,179.76,1420434239
2016,5,North West,E12000002,4,PA,3702.7,2300.75,11041539602
2016,5,North West,E12000002,5,M,32474.74,20178.87,10867610847
2016,6,London,E12000007,1,TM,60.1,37.34,1536568677
2016,6,London,E12000007,2,PM,0,0,0
2016,6,London,E12000007,3,TA,1.3,0.81,10837275.26
2016,6,London,E12000007,4,PA,1719.5,1068.45,10247271502
2016,6,London,E12000007,5,M,13052.63,8110.53,8288348825
2016,7,East of England,E12000006,1,TM,260.9,162.12,6031559075
2016,7,East of England,E12000006,2,PM,0,0,0
2016,7,East of England,E12000006,3,TA,784.6,487.53,6999127621
2016,7,East of England,E12000006,4,PA,3116.6,1936.57,10666206688
2016,7,East of England,E12000006,5,M,35850.98,22276.77,12897880082
2016,8,Yorkshire and the Humber,E12000003,1,TM,411.9,255.94,7109011747
2016,8,Yorkshire and the Humber,E12000003,2,PM,3.5,2.17,43802689.2
2016,8,Yorkshire and the Humber,E12000003,3,TA,268.7,166.96,1942164458
2016,8,Yorkshire and the Humber,E12000003,4,PA,3072.2,1908.98,8978326741
2016,8,Yorkshire and the Humber,E12000003,5,M,28323.37,17599.33,9953207581
2016,9,South East,E12000008,1,TM,644,400.16,14569878859
2016,9,South East,E12000008,2,PM,10.6,6.59,180014876.2
2016,9,South East,E12000008,3,TA,672.2,417.69,6981238232
2016,9,South East,E12000008,4,PA,4566.8,2837.68,15629650504
2016,9,South East,E12000008,5,M,42175.87,26206.87,16923416446
2016,10,West Midlands,E12000005,1,TM,428.8,266.44,8259157190
2016,10,West Midlands,E12000005,2,PM,3.2,1.99,64200426.75
2016,10,West Midlands,E12000005,3,TA,440.8,273.9,2943190690
2016,10,West Midlands,E12000005,4,PA,3118,1937.44,9089269608
2016,10,West Midlands,E12000005,5,M,29153.21,18114.96,11540912478
2016,11,North East,E12000001,1,TM,55.6,34.55,695674067.6
2016,11,North East,E12000001,2,PM,2.4,1.49,36427331.74
2016,11,North East,E12000001,3,TA,341.2,212.01,2635553948
2016,11,North East,E12000001,4,PA,1429.3,888.13,4130336422
2016,11,North East,E12000001,5,M,14456.73,8983,4269246357
2017,1,South West,E12000009,1,TM,327.3,203.37,5912619581
2017,1,South West,E12000009,2,PM,0,0,0
2017,1,South West,E12000009,3,TA,738.8,459.07,4516056452
2017,1,South West,E12000009,4,PA,4221.8,2623.3,10451628863
2017,1,South West,E12000009,5,M,45068.49,28004.26,14423230759
2017,2,East Midlands,E12000004,1,TM,199.9,124.21,4361982561
2017,2,East Midlands,E12000004,2,PM,0,0,0
2017,2,East Midlands,E12000004,3,TA,590.1,366.67,5296882475
2017,2,East Midlands,E12000004,4,PA,3294.4,2047.05,8794454078
2017,2,East Midlands,E12000004,5,M,27604.85,17152.86,10212224811
2017,3,Scotland,S92000003,1,TM,461.3,286.64,5004349071
2017,3,Scotland,S92000003,2,PM,0,0,0
2017,3,Scotland,S92000003,3,TA,2793.9,1736.05,6498874202
2017,3,Scotland,S92000003,4,PA,7478.7,4647.05,7986633428
2017,3,Scotland,S92000003,5,M,48551.5,30168.5,10181565530
2017,4,Wales,W92000004,1,TM,141.8,88.11,2334135437
2017,4,Wales,W92000004,2,PM,0,0,0
2017,4,Wales,W92000004,3,TA,1538.3,955.86,4605739526
2017,4,Wales,W92000004,4,PA,2658,1651.6,4940827144
2017,4,Wales,W92000004,5,M,29521.32,18343.7,6763733270
2017,5,North West,E12000002,1,TM,630.2,391.59,11619151607
2017,5,North West,E12000002,2,PM,23.5,14.6,296259461.2
2017,5,North West,E12000002,3,TA,294.3,182.87,1531586569
2017,5,North West,E12000002,4,PA,3729,2317.09,10909759334
2017,5,North West,E12000002,5,M,32470.11,20175.99,11039758421
2017,6,London,E12000007,1,TM,60.1,37.34,1558638816
2017,6,London,E12000007,2,PM,0,0,0
2017,6,London,E12000007,3,TA,1.3,0.81,10437768.05
2017,6,London,E12000007,4,PA,1716.5,1066.58,10385171543
2017,6,London,E12000007,5,M,13064.12,8117.67,8101110982
2017,7,East of England,E12000006,1,TM,263.3,163.61,6169888964
2017,7,East of England,E12000006,2,PM,0,0,0
2017,7,East of England,E12000006,3,TA,779.6,484.42,7243481957
2017,7,East of England,E12000006,4,PA,3108.6,1931.59,10667154682
2017,7,East of England,E12000006,5,M,35900.09,22307.28,13803070752
2017,8,Yorkshire and the Humber,E12000003,1,TM,418.2,259.86,7203611577
2017,8,Yorkshire and the Humber,E12000003,2,PM,3.5,2.17,43056603.91
2017,8,Yorkshire and the Humber,E12000003,3,TA,276.7,171.93,2013844687
2017,8,Yorkshire and the Humber,E12000003,4,PA,3085.3,1917.12,8966594203
2017,8,Yorkshire and the Humber,E12000003,5,M,28315.29,17594.31,9851750192
2017,9,South East,E12000008,1,TM,645.7,401.22,14651788482
2017,9,South East,E12000008,2,PM,10.6,6.59,174903240.2
2017,9,South East,E12000008,3,TA,679.4,422.16,7123295716
2017,9,South East,E12000008,4,PA,4565.5,2836.87,15599390027
2017,9,South East,E12000008,5,M,42277.88,26270.26,17065605346
2017,10,West Midlands,E12000005,1,TM,440.6,273.78,8486803047
2017,10,West Midlands,E12000005,2,PM,3.8,2.36,75274964.55
2017,10,West Midlands,E12000005,3,TA,440.7,273.84,2943870450
2017,10,West Midlands,E12000005,4,PA,3123.7,1940.98,9117450944
2017,10,West Midlands,E12000005,5,M,29187,18135.96,11575841710
2017,11,North East,E12000001,1,TM,55.6,34.55,716377166.9
2017,11,North East,E12000001,2,PM,2.8,1.74,42348562.3
2017,11,North East,E12000001,3,TA,347.4,215.86,2734715151
2017,11,North East,E12000001,4,PA,1434.2,891.17,4119223271
2017,11,North East,E12000001,5,M,14494.04,9006.18,4377621879
2018,1,South West,E12000009,1,TM,327.7,203.62,5943855517
2018,1,South West,E12000009,2,PM,0,0,0
2018,1,South West,E12000009,3,TA,745.3,463.11,4571015837
2018,1,South West,E12000009,4,PA,4247.6,2639.34,10564538890
2018,1,South West,E12000009,5,M,44994.9022,27958.54,14196028573
2018,2,East Midlands,E12000004,1,TM,199.9,124.21,4364361315
2018,2,East Midlands,E12000004,2,PM,0,0,0
2018,2,East Midlands,E12000004,3,TA,599.7,372.64,5386239584
2018,2,East Midlands,E12000004,4,PA,3326,2066.68,8925776909
2018,2,East Midlands,E12000004,5,M,27581.2449,17138.19,10241265729
2018,3,Scotland,S92000003,1,TM,476.4,296.02,5293106375
2018,3,Scotland,S92000003,2,PM,0,0,0
2018,3,Scotland,S92000003,3,TA,2918.3,1813.35,6594538132
2018,3,Scotland,S92000003,4,PA,7397.2,4596.41,7684765350
2018,3,Scotland,S92000003,5,M,48508.7707,30141.95,10176229002
2018,4,Wales,W92000004,1,TM,141.8,88.11,2337692341
2018,4,Wales,W92000004,2,PM,0,0,0
2018,4,Wales,W92000004,3,TA,1551.5,964.06,4716725132
2018,4,Wales,W92000004,4,PA,2675.6,1662.54,5025698656
2018,4,Wales,W92000004,5,M,29460.0427,18305.62,6848461702
2018,5,North West,E12000002,1,TM,633,393.33,11591404250
2018,5,North West,E12000002,2,PM,23.3,14.48,295727007.6
2018,5,North West,E12000002,3,TA,299.3,185.98,1581582035
2018,5,North West,E12000002,4,PA,3782.8,2350.52,11063119214
2018,5,North West,E12000002,5,M,32475.5839,20179.39,11304627889
2018,6,London,E12000007,1,TM,60.3,37.47,1593886028
2018,6,London,E12000007,2,PM,0,0,0
2018,6,London,E12000007,3,TA,1.6,0.99,13084160.8
2018,6,London,E12000007,4,PA,1745.5,1084.6,10699544684
2018,6,London,E12000007,5,M,13000.3285,8078.03,7686346834
2018,7,East of England,E12000006,1,TM,265,164.66,6264285472
2018,7,East of England,E12000006,2,PM,0,0,0
2018,7,East of England,E12000006,3,TA,793.9,493.31,7424413056
2018,7,East of England,E12000006,4,PA,3166.1,1967.32,10963959975
2018,7,East of England,E12000006,5,M,35778.1251,22231.5,13193572813
2018,8,Yorkshire and the Humber,E12000003,1,TM,431.2,267.94,7303022809
2018,8,Yorkshire and the Humber,E12000003,2,PM,3.5,2.17,42757381.91
2018,8,Yorkshire and the Humber,E12000003,3,TA,272,169.01,1921873671
2018,8,Yorkshire and the Humber,E12000003,4,PA,3144.9,1954.15,9058568697
2018,8,Yorkshire and the Humber,E12000003,5,M,28159.7045,17497.63,10249384906
2018,9,South East,E12000008,1,TM,647.3,402.21,14588204777
2018,9,South East,E12000008,2,PM,10.6,6.59,174197496.8
2018,9,South East,E12000008,3,TA,689.9,428.68,7273169575
2018,9,South East,E12000008,4,PA,4603.4,2860.42,15845615774
2018,9,South East,E12000008,5,M,42292.1466,26279.12,16606901201
2018,10,West Midlands,E12000005,1,TM,440.8,273.9,8393952454
2018,10,West Midlands,E12000005,2,PM,3.8,2.36,74791850
2018,10,West Midlands,E12000005,3,TA,449.7,279.43,3027041187
2018,10,West Midlands,E12000005,4,PA,3165.1,1966.7,9288045877
2018,10,West Midlands,E12000005,5,M,29164.7187,18122.12,11587180831
2018,11,North East,E12000001,1,TM,55.6,34.55,719858744.7
2018,11,North East,E12000001,2,PM,2.8,1.74,41956882.36
2018,11,North East,E12000001,3,TA,350.4,217.73,2763069185
2018,11,North East,E12000001,4,PA,1453.9,903.41,4178891634
2018,11,North East,E12000001,5,M,14502.3777,9011.36,4528647514
2019,1,South West,E12000009,1,TM,327.9,203.75,6142109021
2019,1,South West,E12000009,2,PM,0,0,0
2019,1,South West,E12000009,3,TA,747.5,464.47,4733536811
2019,1,South West,E12000009,4,PA,4253.7,2643.13,10683330540
2019,1,South West,E12000009,5,M,45044.65,27989.45,14474560421
2019,2,East Midlands,E12000004,1,TM,199.9,124.21,4599901288
2019,2,East Midlands,E12000004,2,PM,0,0,0
2019,2,East Midlands,E12000004,3,TA,602,374.07,5546310292
2019,2,East Midlands,E12000004,4,PA,3315.4,2060.09,8980586076
2019,2,East Midlands,E12000004,5,M,27662.706,17188.81,10361986808
2019,3,Scotland,S92000003,1,TM,475.6,295.52,5377436408
2019,3,Scotland,S92000003,2,PM,0,0,0
2019,3,Scotland,S92000003,3,TA,2952.5,1834.6,6733280380
2019,3,Scotland,S92000003,4,PA,7409.7,4604.17,7872424136
2019,3,Scotland,S92000003,5,M,48515.436,30146.09,10058485492
2019,4,Wales,W92000004,1,TM,142,88.23,2384755403
2019,4,Wales,W92000004,2,PM,0,0,0
2019,4,Wales,W92000004,3,TA,1551.4,964,4716474033
2019,4,Wales,W92000004,4,PA,2683.3,1667.33,5078236435
2019,4,Wales,W92000004,5,M,29461.374,18306.45,6901703227
2019,5,North West,E12000002,1,TM,632.6,393.08,11967990102
2019,5,North West,E12000002,2,PM,23.3,14.48,307891460.5
2019,5,North West,E12000002,3,TA,299.6,186.16,1613891194
2019,5,North West,E12000002,4,PA,3793,2356.86,11168001387
2019,5,North West,E12000002,5,M,32539.145,20218.89,11523400610
2019,6,London,E12000007,1,TM,60.3,37.47,1608192908
2019,6,London,E12000007,2,PM,0,0,0
2019,6,London,E12000007,3,TA,1.6,0.99,13129154.66
2019,6,London,E12000007,4,PA,1747.5,1085.85,10631567609
2019,6,London,E12000007,5,M,13005.449,8081.21,8011480018
2019,7,East of England,E12000006,1,TM,265,164.66,6291107352
2019,7,East of England,E12000006,2,PM,0,0,0
2019,7,East of England,E12000006,3,TA,793.7,493.18,7566063802
2019,7,East of England,E12000006,4,PA,3171.7,1970.8,11046773490
2019,7,East of England,E12000006,5,M,35817.388,22255.89,13060867504
2019,8,Yorkshire and the Humber,E12000003,1,TM,440.3,273.59,7701965947
2019,8,Yorkshire and the Humber,E12000003,2,PM,3.5,2.17,44169650.13
2019,8,Yorkshire and the Humber,E12000003,3,TA,262.5,163.11,1907899735
2019,8,Yorkshire and the Humber,E12000003,4,PA,3145,1954.21,9124277198
2019,8,Yorkshire and the Humber,E12000003,5,M,28168.736,17503.24,10177314065
2019,9,South East,E12000008,1,TM,648.9,403.21,14564559598
2019,9,South East,E12000008,2,PM,10.6,6.59,164208725.8
2019,9,South East,E12000008,3,TA,691.8,429.86,7286518666
2019,9,South East,E12000008,4,PA,4613.9,2866.94,15904938331
2019,9,South East,E12000008,5,M,42419.693,26358.38,16967460249
2019,10,West Midlands,E12000005,1,TM,440.8,273.9,8486539076
2019,10,West Midlands,E12000005,2,PM,3.8,2.36,80540342.58
2019,10,West Midlands,E12000005,3,TA,451.6,280.61,3125520118
2019,10,West Midlands,E12000005,4,PA,3166,1967.26,9347791402
2019,10,West Midlands,E12000005,5,M,29231.286,18163.48,11557535981
2019,11,North East,E12000001,1,TM,55.6,34.55,739549716.2
2019,11,North East,E12000001,2,PM,2.8,1.74,38105065.22
2019,11,North East,E12000001,3,TA,351,218.1,2932222616
2019,11,North East,E12000001,4,PA,1454.1,903.54,4187137293
2019,11,North East,E12000001,5,M,14538.487,9033.8,4802463596
2020,1,South West,E12000009,1,TM,327.9,203.75,4437026480
2020,1,South West,E12000009,2,PM,0,0,0
2020,1,South West,E12000009,3,TA,747.5,464.47,3450165269
2020,1,South West,E12000009,4,PA,4255.4,2644.18,8193239284
2020,1,South West,E12000009,5,M,45177.075,28071.73,11754314579
2020,2,East Midlands,E12000004,1,TM,199.9,124.21,3364160116
2020,2,East Midlands,E12000004,2,PM,0,0,0
2020,2,East Midlands,E12000004,3,TA,606,376.55,4104197808
2020,2,East Midlands,E12000004,4,PA,3316.2,2060.59,6927788097
2020,2,East Midlands,E12000004,5,M,27754.01,17245.54,8969551361
2020,3,Scotland,S92000003,1,TM,476.1,295.83,3914194542
2020,3,Scotland,S92000003,2,PM,0,0,0
2020,3,Scotland,S92000003,3,TA,2954,1835.53,4935810202
2020,3,Scotland,S92000003,4,PA,7411.6,4605.35,5987010567
2020,3,Scotland,S92000003,5,M,48432.214,30094.38,8331468407
2020,4,Wales,W92000004,1,TM,142,88.23,1711109127
2020,4,Wales,W92000004,2,PM,0,0,0
2020,4,Wales,W92000004,3,TA,1552.2,964.49,3258551391
2020,4,Wales,W92000004,4,PA,2682.4,1666.77,3885505004
2020,4,Wales,W92000004,5,M,29474.47,18314.59,5717904195
2020,5,North West,E12000002,1,TM,634,393.95,9071982480
2020,5,North West,E12000002,2,PM,23.3,14.48,274951740.6
2020,5,North West,E12000002,3,TA,301,187.03,1185514773
2020,5,North West,E12000002,4,PA,3787.5,2353.44,8721586593
2020,5,North West,E12000002,5,M,32605.004,20259.81,9868767224
2020,6,London,E12000007,1,TM,60.3,37.47,1223541041
2020,6,London,E12000007,2,PM,0,0,0
2020,6,London,E12000007,3,TA,1.6,0.99,7637253.774
2020,6,London,E12000007,4,PA,1749.9,1087.34,8834392025
2020,6,London,E12000007,5,M,12994.524,8074.42,6548067923
2020,7,East of England,E12000006,1,TM,265,164.66,5117455318
2020,7,East of England,E12000006,2,PM,0,0,0
2020,7,East of England,E12000006,3,TA,819,508.9,5954938142
2020,7,East of England,E12000006,4,PA,3183,1977.82,8724131490
2020,7,East of England,E12000006,5,M,35950.565,22338.65,10582750123
2020,8,Yorkshire and the Humber,E12000003,1,TM,440.3,273.59,5869603441
2020,8,Yorkshire and the Humber,E12000003,2,PM,3.5,2.17,34080368.2
2020,8,Yorkshire and the Humber,E12000003,3,TA,262.9,163.36,1427178277
2020,8,Yorkshire and the Humber,E12000003,4,PA,3146,1954.83,7087886945
2020,8,Yorkshire and the Humber,E12000003,5,M,28241.836,17548.66,8704668073
2020,9,South East,E12000008,1,TM,649.3,403.46,10639296745
2020,9,South East,E12000008,2,PM,10.6,6.59,112848991.9
2020,9,South East,E12000008,3,TA,695.6,432.23,5422592784
2020,9,South East,E12000008,4,PA,4613,2866.39,12300052231
2020,9,South East,E12000008,5,M,42579.265,26457.53,13943918235
2020,10,West Midlands,E12000005,1,TM,440.8,273.9,6267692839
2020,10,West Midlands,E12000005,2,PM,3.8,2.36,55992749.32
2020,10,West Midlands,E12000005,3,TA,453,281.48,2306881353
2020,10,West Midlands,E12000005,4,PA,3166.1,1967.32,7238104573
2020,10,West Midlands,E12000005,5,M,29332.353,18226.28,9355305416
2020,11,North East,E12000001,1,TM,55.6,34.55,552778597.8
2020,11,North East,E12000001,2,PM,2.8,1.74,28286494.92
2020,11,North East,E12000001,3,TA,351,218.1,2155536209
2020,11,North East,E12000001,4,PA,1455.7,904.53,3284023025
2020,11,North East,E12000001,5,M,14572.287,9054.8,4049224505
2021,1,South West,E12000009,1,TM,327.9,203.75,5269835019
2021,1,South West,E12000009,2,PM,0,0,0
2021,1,South West,E12000009,3,TA,747.5,464.47,4078835955
2021,1,South West,E12000009,4,PA,4254.9,2643.87,9168884751
2021,1,South West,E12000009,5,M,45236.04,28108.37,13091829040
2021,2,East Midlands,E12000004,1,TM,199.9,124.21,3834836014
2021,2,East Midlands,E12000004,2,PM,0,0,0
2021,2,East Midlands,E12000004,3,TA,619.8,385.13,4924660817
2021,2,East Midlands,E12000004,4,PA,3324.9,2066,7751253809
2021,2,East Midlands,E12000004,5,M,27809.46,17280,9753046733
2021,3,Scotland,S92000003,1,TM,475.3,295.34,4615457881
2021,3,Scotland,S92000003,2,PM,0,0,0
2021,3,Scotland,S92000003,3,TA,2954,1835.53,5874394311
2021,3,Scotland,S92000003,4,PA,7405.4,4601.5,6565932258
2021,3,Scotland,S92000003,5,M,48427.56,30091.49,9647642993
2021,4,Wales,W92000004,1,TM,142,88.23,1987982918
2021,4,Wales,W92000004,2,PM,0,0,0
2021,4,Wales,W92000004,3,TA,1552.1,964.43,3906295593
2021,4,Wales,W92000004,4,PA,2683.1,1667.2,4289883634
2021,4,Wales,W92000004,5,M,29453.75,18301.71,6301840120
2021,5,North West,E12000002,1,TM,634,393.95,10451248396
2021,5,North West,E12000002,2,PM,22.7,14.11,312848648.9
2021,5,North West,E12000002,3,TA,301.2,187.16,1362229668
2021,5,North West,E12000002,4,PA,3789.2,2354.5,9738314622
2021,5,North West,E12000002,5,M,32656.96,20292.09,10631960796
2021,6,London,E12000007,1,TM,60.3,37.47,1329645613
2021,6,London,E12000007,2,PM,0,0,0
2021,6,London,E12000007,3,TA,1.6,0.99,8887161.56
2021,6,London,E12000007,4,PA,1750.1,1087.46,9445839205
2021,6,London,E12000007,5,M,12996.32,8075.54,7668919304
2021,7,East of England,E12000006,1,TM,265.3,164.85,5438801650
2021,7,East of England,E12000006,2,PM,0,0,0
2021,7,East of England,E12000006,3,TA,799,496.48,6628148193
2021,7,East of England,E12000006,4,PA,3210,1994.6,9685852684
2021,7,East of England,E12000006,5,M,36019.99,22381.78,11975059973
2021,8,Yorkshire and the Humber,E12000003,1,TM,441.5,274.34,6832734742
2021,8,Yorkshire and the Humber,E12000003,2,PM,3.5,2.17,37344261.31
2021,8,Yorkshire and the Humber,E12000003,3,TA,262.5,163.11,1649952080
2021,8,Yorkshire and the Humber,E12000003,4,PA,3141.1,1951.79,7839140621
2021,8,Yorkshire and the Humber,E12000003,5,M,28275.06,17569.31,9037549220
2021,9,South East,E12000008,1,TM,649.5,403.58,11979757256
2021,9,South East,E12000008,2,PM,10.6,6.59,124064634.2
2021,9,South East,E12000008,3,TA,696.1,432.54,6272764628
2021,9,South East,E12000008,4,PA,4613.9,2866.94,13697997882
2021,9,South East,E12000008,5,M,42709.45,26538.42,14830576462
2021,10,West Midlands,E12000005,1,TM,441.2,274.15,7283469668
2021,10,West Midlands,E12000005,2,PM,3.8,2.36,59736112.48
2021,10,West Midlands,E12000005,3,TA,455.2,282.85,2648796269
2021,10,West Midlands,E12000005,4,PA,3167,1967.88,8034868836
2021,10,West Midlands,E12000005,5,M,29387.26,18260.4,10274107776
2021,11,North East,E12000001,1,TM,55.6,34.55,674947747.2
2021,11,North East,E12000001,2,PM,2.8,1.74,31015659.56
2021,11,North East,E12000001,3,TA,351.5,218.41,2491050142
2021,11,North East,E12000001,4,PA,1456,904.72,3670429539
2021,11,North East,E12000001,5,M,14594.84,9068.81,4347869668